Images,Contrast,Dissimilarity,Homogeneity,ASM,Energy,Correlation,Label
IMG_1118.JPG,482.76,1.89,0.99,0.67,0.82,0.98,0
IMG_1128.JPG,451.56,1.77,0.99,0.7,0.84,0.98,0
IMG_1138.JPG,405.59,1.59,0.99,0.71,0.84,0.98,0
IMG_1148.JPG,448.28,1.76,0.99,0.6,0.77,0.98,0
IMG_1158.JPG,532.02,2.09,0.99,0.57,0.76,0.98,0
IMG_1169.JPG,612.48,2.4,0.99,0.64,0.8,0.97,0
IMG_1179.JPG,399.02,1.56,0.99,0.71,0.84,0.98,0
IMG_1199.JPG,482.76,1.89,0.99,0.7,0.84,0.97,0
IMG_1209.JPG,458.13,1.8,0.99,0.75,0.86,0.97,0
IMG_1219.JPG,490.97,1.93,0.99,0.71,0.84,0.97,0
IMG_1229.JPG,459.77,1.8,0.99,0.72,0.85,0.97,0
IMG_1239.JPG,481.12,1.89,0.99,0.68,0.83,0.98,0
IMG_1249.JPG,481.12,1.89,0.99,0.69,0.83,0.98,0
IMG_1260.JPG,490.97,1.93,0.99,0.7,0.83,0.97,0
IMG_1270.JPG,464.7,1.82,0.99,0.73,0.85,0.97,0
IMG_1280.JPG,494.26,1.94,0.99,0.71,0.85,0.97,0
IMG_1290.JPG,472.91,1.85,0.99,0.77,0.88,0.97,0
IMG_1312.JPG,563.22,2.21,0.99,0.66,0.81,0.97,0
IMG_1322.JPG,530.38,2.08,0.99,0.65,0.81,0.98,0
IMG_4040.JPG,487.69,1.91,0.99,0.67,0.82,0.98,0
IMG_4049.JPG,482.76,1.89,0.99,0.64,0.8,0.98,0
IMG_4059.JPG,451.56,1.77,0.99,0.66,0.81,0.98,0
IMG_4069.JPG,484.4,1.9,0.99,0.65,0.8,0.98,0
IMG_4079.JPG,438.43,1.72,0.99,0.69,0.83,0.98,0
IMG_4089.JPG,484.4,1.9,0.99,0.64,0.8,0.98,0
IMG_4119.JPG,505.75,1.98,0.99,0.61,0.78,0.98,0
IMG_4139.JPG,399.02,1.56,0.99,0.77,0.88,0.97,0
IMG_4149.JPG,495.9,1.94,0.99,0.6,0.77,0.98,0
IMG_4159.JPG,472.91,1.85,0.99,0.65,0.8,0.98,0
IMG_4170.JPG,499.18,1.96,0.99,0.68,0.82,0.98,0
IMG_4181.JPG,482.76,1.89,0.99,0.61,0.78,0.98,0
IMG_4193.JPG,538.59,2.11,0.99,0.64,0.8,0.98,0
IMG_4213.JPG,412.15,1.62,0.99,0.69,0.83,0.98,0
IMG_4223.JPG,540.23,2.12,0.99,0.67,0.82,0.97,0
IMG_4254.JPG,477.84,1.87,0.99,0.71,0.84,0.97,0
IMG_4276.JPG,423.65,1.66,0.99,0.69,0.83,0.98,0
IMG_4286.JPG,536.95,2.11,0.99,0.58,0.76,0.98,0
IMG_4296.JPG,453.2,1.78,0.99,0.64,0.8,0.98,0
IMG_4306.JPG,507.39,1.99,0.99,0.68,0.83,0.97,0
IMG_4316.JPG,440.07,1.73,0.99,0.74,0.86,0.97,0
IMG_4327.JPG,464.7,1.82,0.99,0.71,0.84,0.98,0
IMG_4338.JPG,476.19,1.87,0.99,0.65,0.8,0.98,0
IMG_4359.JPG,458.13,1.8,0.99,0.69,0.83,0.98,0
IMG_4370.JPG,486.05,1.91,0.99,0.65,0.8,0.98,0
IMG_4381.JPG,481.12,1.89,0.99,0.7,0.84,0.97,0
IMG_4391.JPG,385.88,1.51,0.99,0.75,0.87,0.98,0
IMG_4403.JPG,518.89,2.03,0.99,0.63,0.79,0.98,0
IMG_4423.JPG,331.69,1.3,0.99,0.7,0.84,0.98,0
IMG_4435.JPG,440.07,1.73,0.99,0.68,0.82,0.98,0
IMG_4466.JPG,481.12,1.89,0.99,0.6,0.77,0.98,0
IMG_4476.JPG,500.82,1.96,0.99,0.64,0.8,0.98,0
IMG_4486.JPG,548.44,2.15,0.99,0.68,0.82,0.97,0
IMG_4496.JPG,515.6,2.02,0.99,0.71,0.85,0.97,0
IMG_4506.JPG,505.75,1.98,0.99,0.62,0.79,0.98,0
IMG_4533.JPG,413.8,1.62,0.99,0.69,0.83,0.98,0
IMG_4543.JPG,403.94,1.58,0.99,0.66,0.81,0.98,0
IMG_4554.JPG,486.05,1.91,0.99,0.62,0.79,0.98,0
IMG_4564.JPG,436.78,1.71,0.99,0.65,0.81,0.98,0
IMG_4574.JPG,476.19,1.87,0.99,0.62,0.79,0.98,0
IMG_4584.JPG,423.65,1.66,0.99,0.66,0.81,0.98,0
IMG_4594.JPG,502.47,1.97,0.99,0.61,0.78,0.98,0
IMG_4604.JPG,591.14,2.32,0.99,0.54,0.73,0.98,0
IMG_4614.JPG,536.95,2.11,0.99,0.55,0.74,0.98,0
IMG_4624.JPG,600.99,2.36,0.99,0.62,0.79,0.97,0
IMG_4634.JPG,512.32,2.01,0.99,0.63,0.79,0.98,0
IMG_4684.JPG,469.62,1.84,0.99,0.6,0.77,0.98,0
IMG_4704.JPG,541.88,2.12,0.99,0.63,0.79,0.98,0
IMG_4715.JPG,597.7,2.34,0.99,0.55,0.74,0.98,0
IMG_4725.JPG,471.27,1.85,0.99,0.66,0.81,0.98,0
IMG_4735.JPG,431.86,1.69,0.99,0.63,0.8,0.98,0
IMG_4755.JPG,500.82,1.96,0.99,0.64,0.8,0.98,0
IMG_4765.JPG,546.8,2.14,0.99,0.58,0.76,0.98,0
IMG_4776.JPG,558.3,2.19,0.99,0.59,0.77,0.98,0
IMG_4786.JPG,471.27,1.85,0.99,0.7,0.84,0.98,0
IMG_4796.JPG,499.18,1.96,0.99,0.63,0.79,0.98,0
IMG_4807.JPG,520.53,2.04,0.99,0.65,0.81,0.98,0
IMG_4826.JPG,472.91,1.85,0.99,0.62,0.79,0.98,0
IMG_4836.JPG,610.84,2.4,0.99,0.59,0.77,0.98,0
IMG_4846.JPG,477.84,1.87,0.99,0.63,0.79,0.98,0
IMG_4856.JPG,459.77,1.8,0.99,0.68,0.82,0.98,0
IMG_4866.JPG,594.42,2.33,0.99,0.66,0.81,0.97,0
IMG_4876.JPG,405.59,1.59,0.99,0.63,0.8,0.98,0
IMG_4896.JPG,461.41,1.81,0.99,0.62,0.79,0.98,0
IMG_4906.JPG,538.59,2.11,0.99,0.59,0.77,0.98,0
IMG_4916.JPG,438.43,1.72,0.99,0.68,0.83,0.98,0
IMG_4926.JPG,453.2,1.78,0.99,0.69,0.83,0.98,0
IMG_4936.JPG,449.92,1.76,0.99,0.69,0.83,0.98,0
IMG_4946.JPG,420.36,1.65,0.99,0.68,0.82,0.98,0
IMG_4956.JPG,548.44,2.15,0.99,0.61,0.78,0.98,0
IMG_4966.JPG,528.74,2.07,0.99,0.62,0.79,0.98,0
IMG_4976.JPG,466.34,1.83,0.99,0.65,0.81,0.98,0
IMG_4986.JPG,464.7,1.82,0.99,0.65,0.8,0.98,0
IMG_5007.JPG,392.45,1.54,0.99,0.72,0.85,0.98,0
IMG_5017.JPG,505.75,1.98,0.99,0.69,0.83,0.97,0
IMG_5028.JPG,487.69,1.91,0.99,0.66,0.82,0.98,0
IMG_5042.JPG,502.47,1.97,0.99,0.66,0.81,0.98,0
IMG_5063.JPG,555.01,2.18,0.99,0.63,0.79,0.98,0
IMG_5074.JPG,505.75,1.98,0.99,0.64,0.8,0.98,0
IMG_5091.JPG,489.33,1.92,0.99,0.58,0.76,0.98,0
IMG_5101.JPG,472.91,1.85,0.99,0.68,0.82,0.98,0
IMG_5122.JPG,456.49,1.79,0.99,0.66,0.81,0.98,0
IMG_5132.JPG,492.61,1.93,0.99,0.63,0.8,0.98,0
IMG_5142.JPG,509.03,2.0,0.99,0.65,0.81,0.98,0
IMG_5152.JPG,510.68,2.0,0.99,0.6,0.78,0.98,0
IMG_5163.JPG,520.53,2.04,0.99,0.63,0.79,0.98,0
IMG_5173.JPG,482.76,1.89,0.99,0.69,0.83,0.98,0
IMG_5183.JPG,467.98,1.84,0.99,0.65,0.8,0.98,0
IMG_5193.JPG,602.63,2.36,0.99,0.57,0.75,0.98,0
IMG_5203.JPG,510.68,2.0,0.99,0.6,0.77,0.98,0
IMG_5213.JPG,545.16,2.14,0.99,0.61,0.78,0.98,0
IMG_5223.JPG,553.37,2.17,0.99,0.64,0.8,0.98,0
IMG_5244.JPG,520.53,2.04,0.99,0.59,0.77,0.98,0
IMG_5255.JPG,499.18,1.96,0.99,0.62,0.79,0.98,0
IMG_5266.JPG,466.34,1.83,0.99,0.69,0.83,0.98,0
IMG_5276.JPG,586.21,2.3,0.99,0.54,0.74,0.98,0
IMG_5286.JPG,484.4,1.9,0.99,0.65,0.81,0.98,0
IMG_5297.JPG,499.18,1.96,0.99,0.58,0.76,0.98,0
IMG_5318.JPG,479.48,1.88,0.99,0.59,0.77,0.98,0
IMG_5328.JPG,471.27,1.85,0.99,0.63,0.79,0.98,0
IMG_5341.JPG,413.8,1.62,0.99,0.68,0.82,0.98,0
IMG_5350.JPG,471.27,1.85,0.99,0.59,0.77,0.98,0
IMG_5360.JPG,505.75,1.98,0.99,0.63,0.8,0.98,0
IMG_5370.JPG,541.88,2.12,0.99,0.7,0.84,0.97,0
IMG_5380.JPG,471.27,1.85,0.99,0.65,0.8,0.98,0
IMG_5390.JPG,504.11,1.98,0.99,0.66,0.81,0.98,0
IMG_5400.JPG,426.93,1.67,0.99,0.68,0.82,0.98,0
IMG_5422.JPG,502.47,1.97,0.99,0.74,0.86,0.97,0
IMG_5446.JPG,530.38,2.08,0.99,0.65,0.8,0.98,0
IMG_5456.JPG,538.59,2.11,0.99,0.61,0.78,0.98,0
IMG_5466.JPG,535.31,2.1,0.99,0.55,0.74,0.98,0
IMG_5476.JPG,520.53,2.04,0.99,0.56,0.75,0.98,0
IMG_5486.JPG,417.08,1.64,0.99,0.62,0.79,0.98,0
IMG_5507.JPG,420.36,1.65,0.99,0.6,0.77,0.98,0
IMG_5517.JPG,443.35,1.74,0.99,0.58,0.76,0.98,0
IMG_5527.JPG,449.92,1.76,0.99,0.54,0.73,0.98,0
IMG_5547.JPG,453.2,1.78,0.99,0.67,0.82,0.98,0
IMG_5562.JPG,525.45,2.06,0.99,0.62,0.79,0.98,0
IMG_5572.JPG,474.55,1.86,0.99,0.61,0.78,0.98,0
IMG_5582.JPG,504.11,1.98,0.99,0.59,0.77,0.98,0
IMG_5592.JPG,422.01,1.65,0.99,0.67,0.82,0.98,0
IMG_5603.JPG,461.41,1.81,0.99,0.59,0.77,0.98,0
IMG_5615.JPG,422.01,1.65,0.99,0.6,0.78,0.98,0
IMG_5625.JPG,451.56,1.77,0.99,0.65,0.81,0.98,0
IMG_5635.JPG,541.88,2.12,0.99,0.62,0.79,0.98,0
IMG_5655.JPG,527.1,2.07,0.99,0.58,0.76,0.98,0
IMG_5665.JPG,592.78,2.32,0.99,0.57,0.76,0.98,0
IMG_5675.JPG,489.33,1.92,0.99,0.6,0.77,0.98,0
IMG_5695.JPG,525.45,2.06,0.99,0.62,0.79,0.98,0
IMG_5705.JPG,559.94,2.2,0.99,0.59,0.77,0.98,0
IMG_5716.JPG,412.15,1.62,0.99,0.66,0.81,0.98,0
IMG_5726.JPG,464.7,1.82,0.99,0.67,0.82,0.98,0
IMG_5746.JPG,546.8,2.14,0.99,0.62,0.79,0.98,0
IMG_5756.JPG,474.55,1.86,0.99,0.67,0.82,0.98,0
IMG_5766.JPG,444.99,1.75,0.99,0.73,0.85,0.97,0
IMG_5776.JPG,469.62,1.84,0.99,0.62,0.79,0.98,0
IMG_5786.JPG,495.9,1.94,0.99,0.65,0.81,0.98,0
IMG_5796.JPG,486.05,1.91,0.99,0.61,0.78,0.98,0
IMG_5806.JPG,477.84,1.87,0.99,0.66,0.82,0.98,0
IMG_5816.JPG,523.81,2.05,0.99,0.59,0.77,0.98,0
IMG_5857.JPG,507.39,1.99,0.99,0.59,0.77,0.98,0
IMG_5867.JPG,512.32,2.01,0.99,0.62,0.79,0.98,0
IMG_5887.JPG,607.56,2.38,0.99,0.54,0.73,0.98,0
IMG_5907.JPG,395.73,1.55,0.99,0.65,0.8,0.98,0
IMG_5918.JPG,464.7,1.82,0.99,0.63,0.8,0.98,0
IMG_5928.JPG,384.24,1.51,0.99,0.72,0.85,0.98,0
IMG_5938.JPG,451.56,1.77,0.99,0.67,0.82,0.98,0
IMG_5950.JPG,586.21,2.3,0.99,0.6,0.77,0.98,0
IMG_5971.JPG,482.76,1.89,0.99,0.63,0.79,0.98,0
IMG_5981.JPG,602.63,2.36,0.99,0.62,0.79,0.98,0
IMG_5991.JPG,449.92,1.76,0.99,0.64,0.8,0.98,0
IMG_1129.JPG,359.61,1.41,0.99,0.74,0.86,0.98,1
IMG_1139.JPG,372.74,1.46,0.99,0.73,0.85,0.98,1
IMG_1149.JPG,356.32,1.4,0.99,0.73,0.85,0.98,1
IMG_1159.JPG,344.83,1.35,0.99,0.74,0.86,0.98,1
IMG_1170.JPG,389.16,1.53,0.99,0.72,0.85,0.98,1
IMG_1180.JPG,367.82,1.44,0.99,0.73,0.86,0.98,1
IMG_1200.JPG,362.89,1.42,0.99,0.74,0.86,0.98,1
IMG_1210.JPG,372.74,1.46,0.99,0.75,0.86,0.98,1
IMG_1220.JPG,338.26,1.33,0.99,0.76,0.87,0.98,1
IMG_1230.JPG,323.48,1.27,1.0,0.77,0.88,0.98,1
IMG_1250.JPG,362.89,1.42,0.99,0.76,0.87,0.98,1
IMG_1261.JPG,357.97,1.4,0.99,0.76,0.87,0.98,1
IMG_1271.JPG,418.72,1.64,0.99,0.74,0.86,0.97,1
IMG_1281.JPG,408.87,1.6,0.99,0.75,0.87,0.97,1
IMG_1291.JPG,423.65,1.66,0.99,0.78,0.88,0.97,1
IMG_4041.JPG,420.36,1.65,0.99,0.65,0.81,0.98,1
IMG_4050.JPG,453.2,1.78,0.99,0.65,0.8,0.98,1
IMG_4060.JPG,446.64,1.75,0.99,0.64,0.8,0.98,1
IMG_4070.JPG,471.27,1.85,0.99,0.65,0.8,0.98,1
IMG_4080.JPG,372.74,1.46,0.99,0.68,0.83,0.98,1
IMG_4090.JPG,402.3,1.58,0.99,0.68,0.82,0.98,1
IMG_4100.JPG,385.88,1.51,0.99,0.68,0.83,0.98,1
IMG_4110.JPG,413.8,1.62,0.99,0.64,0.8,0.98,1
IMG_4120.JPG,405.59,1.59,0.99,0.72,0.85,0.98,1
IMG_4130.JPG,392.45,1.54,0.99,0.69,0.83,0.98,1
IMG_4140.JPG,326.77,1.28,0.99,0.77,0.88,0.98,1
IMG_4150.JPG,382.6,1.5,0.99,0.7,0.84,0.98,1
IMG_4160.JPG,348.11,1.37,0.99,0.69,0.83,0.98,1
IMG_4172.JPG,430.22,1.69,0.99,0.65,0.81,0.98,1
IMG_4182.JPG,407.23,1.6,0.99,0.65,0.81,0.98,1
IMG_4204.JPG,384.24,1.51,0.99,0.67,0.82,0.98,1
IMG_4234.JPG,318.56,1.25,1.0,0.71,0.85,0.98,1
IMG_4244.JPG,405.59,1.59,0.99,0.72,0.85,0.98,1
IMG_4255.JPG,348.11,1.37,0.99,0.72,0.85,0.98,1
IMG_4277.JPG,397.38,1.56,0.99,0.68,0.83,0.98,1
IMG_4287.JPG,408.87,1.6,0.99,0.63,0.79,0.98,1
IMG_4297.JPG,420.36,1.65,0.99,0.7,0.84,0.98,1
IMG_4318.JPG,490.97,1.93,0.99,0.72,0.85,0.97,1
IMG_4329.JPG,343.19,1.35,0.99,0.73,0.86,0.98,1
IMG_4339.JPG,476.19,1.87,0.99,0.67,0.82,0.98,1
IMG_4349.JPG,400.66,1.57,0.99,0.69,0.83,0.98,1
IMG_4360.JPG,448.28,1.76,0.99,0.63,0.79,0.98,1
IMG_4371.JPG,412.15,1.62,0.99,0.64,0.8,0.98,1
IMG_4392.JPG,374.39,1.47,0.99,0.73,0.85,0.98,1
IMG_4404.JPG,402.3,1.58,0.99,0.68,0.82,0.98,1
IMG_4414.JPG,362.89,1.42,0.99,0.69,0.83,0.98,1
IMG_4424.JPG,359.61,1.41,0.99,0.71,0.84,0.98,1
IMG_4437.JPG,397.38,1.56,0.99,0.64,0.8,0.98,1
IMG_4447.JPG,453.2,1.78,0.99,0.62,0.78,0.98,1
IMG_4457.JPG,446.64,1.75,0.99,0.65,0.81,0.98,1
IMG_4477.JPG,444.99,1.75,0.99,0.66,0.81,0.98,1
IMG_4487.JPG,492.61,1.93,0.99,0.7,0.84,0.97,1
IMG_4497.JPG,463.06,1.82,0.99,0.69,0.83,0.98,1
IMG_4534.JPG,348.11,1.37,0.99,0.71,0.84,0.98,1
IMG_4544.JPG,395.73,1.55,0.99,0.64,0.8,0.98,1
IMG_4555.JPG,454.85,1.78,0.99,0.61,0.78,0.98,1
IMG_4565.JPG,389.16,1.53,0.99,0.68,0.83,0.98,1
IMG_4595.JPG,385.88,1.51,0.99,0.63,0.79,0.98,1
IMG_4615.JPG,410.51,1.61,0.99,0.63,0.79,0.98,1
IMG_4625.JPG,417.08,1.64,0.99,0.61,0.78,0.98,1
IMG_4635.JPG,453.2,1.78,0.99,0.64,0.8,0.98,1
IMG_4645.JPG,397.38,1.56,0.99,0.64,0.8,0.98,1
IMG_4685.JPG,417.08,1.64,0.99,0.6,0.78,0.98,1
IMG_4696.JPG,451.56,1.77,0.99,0.63,0.79,0.98,1
IMG_4705.JPG,377.67,1.48,0.99,0.68,0.82,0.98,1
IMG_4726.JPG,420.36,1.65,0.99,0.62,0.78,0.98,1
IMG_4736.JPG,380.95,1.49,0.99,0.7,0.84,0.98,1
IMG_4746.JPG,379.31,1.49,0.99,0.67,0.82,0.98,1
IMG_4756.JPG,422.01,1.65,0.99,0.65,0.81,0.98,1
IMG_4777.JPG,367.82,1.44,0.99,0.7,0.84,0.98,1
IMG_4787.JPG,428.57,1.68,0.99,0.66,0.81,0.98,1
IMG_4797.JPG,353.04,1.38,0.99,0.71,0.84,0.98,1
IMG_4806.JPG,438.43,1.72,0.99,0.59,0.77,0.98,1
IMG_4827.JPG,407.23,1.6,0.99,0.61,0.78,0.98,1
IMG_4837.JPG,430.22,1.69,0.99,0.61,0.78,0.98,1
IMG_4847.JPG,402.3,1.58,0.99,0.64,0.8,0.98,1
IMG_4857.JPG,364.53,1.43,0.99,0.72,0.85,0.98,1
IMG_4867.JPG,443.35,1.74,0.99,0.68,0.83,0.98,1
IMG_4877.JPG,513.96,2.02,0.99,0.67,0.82,0.98,1
IMG_4887.JPG,444.99,1.75,0.99,0.62,0.79,0.98,1
IMG_4897.JPG,382.6,1.5,0.99,0.67,0.82,0.98,1
IMG_4907.JPG,431.86,1.69,0.99,0.63,0.79,0.98,1
IMG_4927.JPG,410.51,1.61,0.99,0.65,0.8,0.98,1
IMG_4937.JPG,380.95,1.49,0.99,0.69,0.83,0.98,1
IMG_4957.JPG,377.67,1.48,0.99,0.62,0.79,0.98,1
IMG_4967.JPG,418.72,1.64,0.99,0.67,0.82,0.98,1
IMG_4977.JPG,377.67,1.48,0.99,0.7,0.84,0.98,1
IMG_4987.JPG,372.74,1.46,0.99,0.67,0.82,0.98,1
IMG_4997.JPG,382.6,1.5,0.99,0.69,0.83,0.98,1
IMG_5008.JPG,428.57,1.68,0.99,0.68,0.82,0.98,1
IMG_5018.JPG,389.16,1.53,0.99,0.71,0.84,0.98,1
IMG_5029.JPG,495.9,1.94,0.99,0.65,0.81,0.98,1
IMG_5044.JPG,438.43,1.72,0.99,0.66,0.81,0.98,1
IMG_5054.JPG,384.24,1.51,0.99,0.62,0.79,0.98,1
IMG_5064.JPG,512.32,2.01,0.99,0.66,0.81,0.98,1
IMG_5075.JPG,431.86,1.69,0.99,0.62,0.79,0.98,1
IMG_5092.JPG,412.15,1.62,0.99,0.65,0.81,0.98,1
IMG_5102.JPG,377.67,1.48,0.99,0.68,0.83,0.98,1
IMG_5112.JPG,412.15,1.62,0.99,0.64,0.8,0.98,1
IMG_5123.JPG,418.72,1.64,0.99,0.67,0.82,0.98,1
IMG_5133.JPG,436.78,1.71,0.99,0.64,0.8,0.98,1
IMG_5143.JPG,405.59,1.59,0.99,0.67,0.82,0.98,1
IMG_5153.JPG,426.93,1.67,0.99,0.61,0.78,0.98,1
IMG_5175.JPG,489.33,1.92,0.99,0.63,0.79,0.98,1
IMG_5184.JPG,444.99,1.75,0.99,0.65,0.81,0.98,1
IMG_5194.JPG,472.91,1.85,0.99,0.61,0.78,0.98,1
IMG_5214.JPG,448.28,1.76,0.99,0.65,0.81,0.98,1
IMG_5224.JPG,458.13,1.8,0.99,0.64,0.8,0.98,1
IMG_5245.JPG,459.77,1.8,0.99,0.63,0.8,0.98,1
IMG_5256.JPG,448.28,1.76,0.99,0.61,0.78,0.98,1
IMG_5267.JPG,412.15,1.62,0.99,0.66,0.81,0.98,1
IMG_5277.JPG,420.36,1.65,0.99,0.64,0.8,0.98,1
IMG_5287.JPG,417.08,1.64,0.99,0.69,0.83,0.98,1
IMG_5298.JPG,461.41,1.81,0.99,0.64,0.8,0.98,1
IMG_5309.JPG,454.85,1.78,0.99,0.61,0.78,0.98,1
IMG_5329.JPG,449.92,1.76,0.99,0.66,0.81,0.98,1
IMG_5340.JPG,377.67,1.48,0.99,0.69,0.83,0.98,1
IMG_5351.JPG,371.1,1.46,0.99,0.67,0.82,0.98,1
IMG_5361.JPG,453.2,1.78,0.99,0.64,0.8,0.98,1
IMG_5371.JPG,336.62,1.32,0.99,0.74,0.86,0.98,1
IMG_5381.JPG,412.15,1.62,0.99,0.64,0.8,0.98,1
IMG_5391.JPG,417.08,1.64,0.99,0.67,0.82,0.98,1
IMG_5413.JPG,453.2,1.78,0.99,0.65,0.8,0.98,1
IMG_5423.JPG,354.68,1.39,0.99,0.72,0.85,0.98,1
IMG_5447.JPG,425.29,1.67,0.99,0.65,0.81,0.98,1
IMG_5457.JPG,405.59,1.59,0.99,0.65,0.8,0.98,1
IMG_5467.JPG,509.03,2.0,0.99,0.56,0.75,0.98,1
IMG_5487.JPG,466.34,1.83,0.99,0.63,0.79,0.98,1
IMG_5508.JPG,390.81,1.53,0.99,0.65,0.8,0.98,1
IMG_5518.JPG,431.86,1.69,0.99,0.6,0.78,0.98,1
IMG_5528.JPG,413.8,1.62,0.99,0.67,0.82,0.98,1
IMG_5538.JPG,389.16,1.53,0.99,0.65,0.81,0.98,1
IMG_5549.JPG,433.5,1.7,0.99,0.62,0.79,0.98,1
IMG_5563.JPG,443.35,1.74,0.99,0.65,0.81,0.98,1
IMG_5573.JPG,385.88,1.51,0.99,0.68,0.82,0.98,1
IMG_5583.JPG,451.56,1.77,0.99,0.66,0.81,0.98,1
IMG_5593.JPG,425.29,1.67,0.99,0.65,0.8,0.98,1
IMG_5604.JPG,415.44,1.63,0.99,0.67,0.82,0.98,1
IMG_5616.JPG,394.09,1.55,0.99,0.7,0.83,0.98,1
IMG_5626.JPG,492.61,1.93,0.99,0.64,0.8,0.98,1
IMG_5636.JPG,384.24,1.51,0.99,0.67,0.82,0.98,1
IMG_5646.JPG,389.16,1.53,0.99,0.7,0.84,0.98,1
IMG_5656.JPG,422.01,1.65,0.99,0.6,0.77,0.98,1
IMG_5676.JPG,384.24,1.51,0.99,0.67,0.82,0.98,1
IMG_5686.JPG,489.33,1.92,0.99,0.61,0.78,0.98,1
IMG_5696.JPG,436.78,1.71,0.99,0.64,0.8,0.98,1
IMG_5706.JPG,464.7,1.82,0.99,0.66,0.81,0.98,1
IMG_5717.JPG,387.52,1.52,0.99,0.68,0.83,0.98,1
IMG_5727.JPG,422.01,1.65,0.99,0.66,0.81,0.98,1
IMG_5737.JPG,377.67,1.48,0.99,0.67,0.82,0.98,1
IMG_5747.JPG,399.02,1.56,0.99,0.66,0.81,0.98,1
IMG_5757.JPG,448.28,1.76,0.99,0.63,0.8,0.98,1
IMG_5777.JPG,346.47,1.36,0.99,0.71,0.84,0.98,1
IMG_5787.JPG,389.16,1.53,0.99,0.62,0.79,0.98,1
IMG_5797.JPG,428.57,1.68,0.99,0.65,0.81,0.98,1
IMG_5817.JPG,418.72,1.64,0.99,0.6,0.77,0.98,1
IMG_5827.JPG,394.09,1.55,0.99,0.69,0.83,0.98,1
IMG_5838.JPG,425.29,1.67,0.99,0.67,0.82,0.98,1
IMG_5848.JPG,467.98,1.84,0.99,0.57,0.76,0.98,1
IMG_5868.JPG,438.43,1.72,0.99,0.64,0.8,0.98,1
IMG_5878.JPG,366.18,1.44,0.99,0.72,0.85,0.98,1
IMG_5888.JPG,425.29,1.67,0.99,0.64,0.8,0.98,1
IMG_5898.JPG,415.44,1.63,0.99,0.67,0.82,0.98,1
IMG_5908.JPG,431.86,1.69,0.99,0.61,0.78,0.98,1
IMG_5919.JPG,412.15,1.62,0.99,0.68,0.83,0.98,1
IMG_5929.JPG,408.87,1.6,0.99,0.68,0.83,0.98,1
IMG_5939.JPG,374.39,1.47,0.99,0.7,0.83,0.98,1
IMG_5951.JPG,444.99,1.75,0.99,0.68,0.83,0.98,1
IMG_5961.JPG,361.25,1.42,0.99,0.69,0.83,0.98,1
IMG_5982.JPG,535.31,2.1,0.99,0.59,0.77,0.98,1
IMG_5992.JPG,438.43,1.72,0.99,0.65,0.81,0.98,1
IMG_1120.JPG,453.2,1.78,0.99,0.73,0.86,0.97,2
IMG_1130.JPG,490.97,1.93,0.99,0.71,0.84,0.97,2
IMG_1140.JPG,490.97,1.93,0.99,0.71,0.84,0.97,2
IMG_1150.JPG,487.69,1.91,0.99,0.71,0.84,0.97,2
IMG_1160.JPG,477.84,1.87,0.99,0.71,0.84,0.97,2
IMG_1171.JPG,490.97,1.93,0.99,0.72,0.85,0.97,2
IMG_1181.JPG,502.47,1.97,0.99,0.71,0.84,0.97,2
IMG_1191.JPG,487.69,1.91,0.99,0.72,0.85,0.97,2
IMG_1211.JPG,481.12,1.89,0.99,0.75,0.86,0.97,2
IMG_1221.JPG,440.07,1.73,0.99,0.74,0.86,0.97,2
IMG_1231.JPG,448.28,1.76,0.99,0.76,0.87,0.97,2
IMG_1241.JPG,458.13,1.8,0.99,0.7,0.84,0.98,2
IMG_1251.JPG,518.89,2.03,0.99,0.73,0.86,0.97,2
IMG_1262.JPG,490.97,1.93,0.99,0.73,0.85,0.97,2
IMG_1272.JPG,486.05,1.91,0.99,0.73,0.85,0.97,2
IMG_1292.JPG,518.89,2.03,0.99,0.75,0.87,0.97,2
IMG_1314.JPG,502.47,1.97,0.99,0.7,0.83,0.97,2
IMG_4051.JPG,589.49,2.31,0.99,0.63,0.8,0.97,2
IMG_4061.JPG,558.3,2.19,0.99,0.6,0.78,0.98,2
IMG_4071.JPG,533.66,2.09,0.99,0.68,0.83,0.97,2
IMG_4081.JPG,479.48,1.88,0.99,0.68,0.82,0.98,2
IMG_4091.JPG,527.1,2.07,0.99,0.65,0.81,0.98,2
IMG_4111.JPG,548.44,2.15,0.99,0.64,0.8,0.98,2
IMG_4121.JPG,456.49,1.79,0.99,0.76,0.87,0.97,2
IMG_4131.JPG,495.9,1.94,0.99,0.66,0.82,0.98,2
IMG_4141.JPG,461.41,1.81,0.99,0.74,0.86,0.97,2
IMG_4151.JPG,492.61,1.93,0.99,0.69,0.83,0.98,2
IMG_4161.JPG,497.54,1.95,0.99,0.68,0.82,0.98,2
IMG_4173.JPG,513.96,2.02,0.99,0.64,0.8,0.98,2
IMG_4195.JPG,484.4,1.9,0.99,0.66,0.82,0.98,2
IMG_4205.JPG,500.82,1.96,0.99,0.67,0.82,0.98,2
IMG_4215.JPG,492.61,1.93,0.99,0.66,0.81,0.98,2
IMG_4245.JPG,466.34,1.83,0.99,0.76,0.87,0.97,2
IMG_4268.JPG,527.1,2.07,0.99,0.69,0.83,0.97,2
IMG_4278.JPG,477.84,1.87,0.99,0.69,0.83,0.98,2
IMG_4298.JPG,492.61,1.93,0.99,0.72,0.85,0.97,2
IMG_4319.JPG,555.01,2.18,0.99,0.72,0.85,0.97,2
IMG_4330.JPG,458.13,1.8,0.99,0.73,0.86,0.97,2
IMG_4340.JPG,533.66,2.09,0.99,0.67,0.82,0.97,2
IMG_4350.JPG,440.07,1.73,0.99,0.69,0.83,0.98,2
IMG_4361.JPG,474.55,1.86,0.99,0.7,0.83,0.98,2
IMG_4372.JPG,499.18,1.96,0.99,0.67,0.82,0.98,2
IMG_4383.JPG,530.38,2.08,0.99,0.66,0.81,0.98,2
IMG_4393.JPG,535.31,2.1,0.99,0.63,0.8,0.98,2
IMG_4405.JPG,558.3,2.19,0.99,0.65,0.81,0.97,2
IMG_4415.JPG,492.61,1.93,0.99,0.67,0.82,0.98,2
IMG_4425.JPG,525.45,2.06,0.99,0.63,0.8,0.98,2
IMG_4448.JPG,545.16,2.14,0.99,0.62,0.78,0.98,2
IMG_4458.JPG,538.59,2.11,0.99,0.63,0.79,0.98,2
IMG_4468.JPG,509.03,2.0,0.99,0.67,0.82,0.98,2
IMG_4478.JPG,545.16,2.14,0.99,0.64,0.8,0.98,2
IMG_4488.JPG,543.52,2.13,0.99,0.67,0.82,0.97,2
IMG_4498.JPG,538.59,2.11,0.99,0.68,0.83,0.97,2
IMG_4508.JPG,482.76,1.89,0.99,0.69,0.83,0.98,2
IMG_4535.JPG,495.9,1.94,0.99,0.65,0.81,0.98,2
IMG_4545.JPG,536.95,2.11,0.99,0.59,0.77,0.98,2
IMG_4556.JPG,592.78,2.32,0.99,0.59,0.77,0.98,2
IMG_4566.JPG,500.82,1.96,0.99,0.67,0.82,0.98,2
IMG_4586.JPG,550.09,2.16,0.99,0.58,0.76,0.98,2
IMG_4596.JPG,504.11,1.98,0.99,0.63,0.79,0.98,2
IMG_4606.JPG,545.16,2.14,0.99,0.65,0.8,0.98,2
IMG_4616.JPG,538.59,2.11,0.99,0.61,0.78,0.98,2
IMG_4626.JPG,520.53,2.04,0.99,0.61,0.78,0.98,2
IMG_4636.JPG,563.22,2.21,0.99,0.61,0.78,0.98,2
IMG_4646.JPG,492.61,1.93,0.99,0.64,0.8,0.98,2
IMG_4676.JPG,632.19,2.48,0.99,0.59,0.77,0.98,2
IMG_4686.JPG,499.18,1.96,0.99,0.61,0.78,0.98,2
IMG_4695.JPG,591.14,2.32,0.99,0.59,0.77,0.98,2
IMG_4706.JPG,502.47,1.97,0.99,0.67,0.82,0.98,2
IMG_4737.JPG,490.97,1.93,0.99,0.68,0.82,0.98,2
IMG_4757.JPG,504.11,1.98,0.99,0.66,0.81,0.98,2
IMG_4767.JPG,518.89,2.03,0.99,0.62,0.79,0.98,2
IMG_4778.JPG,467.98,1.84,0.99,0.68,0.83,0.98,2
IMG_4788.JPG,528.74,2.07,0.99,0.66,0.81,0.98,2
IMG_4798.JPG,461.41,1.81,0.99,0.68,0.82,0.98,2
IMG_4808.JPG,518.89,2.03,0.99,0.64,0.8,0.98,2
IMG_4828.JPG,464.7,1.82,0.99,0.66,0.81,0.98,2
IMG_4838.JPG,523.81,2.05,0.99,0.64,0.8,0.98,2
IMG_4868.JPG,543.52,2.13,0.99,0.65,0.81,0.98,2
IMG_4878.JPG,638.76,2.5,0.99,0.64,0.8,0.97,2
IMG_4888.JPG,602.63,2.36,0.99,0.59,0.77,0.98,2
IMG_4898.JPG,497.54,1.95,0.99,0.65,0.81,0.98,2
IMG_4908.JPG,505.75,1.98,0.99,0.62,0.78,0.98,2
IMG_4918.JPG,479.48,1.88,0.99,0.66,0.81,0.98,2
IMG_4928.JPG,464.7,1.82,0.99,0.69,0.83,0.98,2
IMG_4938.JPG,471.27,1.85,0.99,0.71,0.84,0.97,2
IMG_4958.JPG,463.06,1.82,0.99,0.64,0.8,0.98,2
IMG_4968.JPG,561.58,2.2,0.99,0.62,0.79,0.98,2
IMG_4978.JPG,495.9,1.94,0.99,0.67,0.82,0.98,2
IMG_4988.JPG,502.47,1.97,0.99,0.65,0.81,0.98,2
IMG_4998.JPG,476.19,1.87,0.99,0.68,0.83,0.98,2
IMG_5009.JPG,472.91,1.85,0.99,0.68,0.83,0.98,2
IMG_5019.JPG,512.32,2.01,0.99,0.68,0.82,0.98,2
IMG_5033.JPG,546.8,2.14,0.99,0.67,0.82,0.97,2
IMG_5055.JPG,499.18,1.96,0.99,0.62,0.79,0.98,2
IMG_5065.JPG,578.0,2.27,0.99,0.67,0.82,0.97,2
IMG_5076.JPG,533.66,2.09,0.99,0.62,0.79,0.98,2
IMG_5093.JPG,517.24,2.03,0.99,0.64,0.8,0.98,2
IMG_5113.JPG,492.61,1.93,0.99,0.63,0.79,0.98,2
IMG_5144.JPG,492.61,1.93,0.99,0.65,0.81,0.98,2
IMG_5154.JPG,504.11,1.98,0.99,0.66,0.81,0.98,2
IMG_5165.JPG,479.48,1.88,0.99,0.69,0.83,0.98,2
IMG_5174.JPG,573.07,2.25,0.99,0.63,0.79,0.98,2
IMG_5176.JPG,642.04,2.52,0.99,0.58,0.76,0.98,2
IMG_5195.JPG,536.95,2.11,0.99,0.63,0.8,0.98,2
IMG_5205.JPG,559.94,2.2,0.99,0.62,0.79,0.98,2
IMG_5215.JPG,532.02,2.09,0.99,0.64,0.8,0.98,2
IMG_5225.JPG,528.74,2.07,0.99,0.62,0.79,0.98,2
IMG_5236.JPG,578.0,2.27,0.99,0.64,0.8,0.97,2
IMG_5278.JPG,528.74,2.07,0.99,0.63,0.79,0.98,2
IMG_5288.JPG,454.85,1.78,0.99,0.68,0.82,0.98,2
IMG_5299.JPG,591.14,2.32,0.99,0.61,0.78,0.98,2
IMG_5310.JPG,523.81,2.05,0.99,0.62,0.79,0.98,2
IMG_5320.JPG,513.96,2.02,0.99,0.61,0.78,0.98,2
IMG_5330.JPG,527.1,2.07,0.99,0.68,0.82,0.97,2
IMG_5342.JPG,449.92,1.76,0.99,0.67,0.82,0.98,2
IMG_5352.JPG,490.97,1.93,0.99,0.67,0.82,0.98,2
IMG_5362.JPG,551.73,2.16,0.99,0.65,0.8,0.98,2
IMG_5382.JPG,504.11,1.98,0.99,0.65,0.81,0.98,2
IMG_5392.JPG,507.39,1.99,0.99,0.67,0.82,0.98,2
IMG_5402.JPG,550.09,2.16,0.99,0.59,0.77,0.98,2
IMG_5414.JPG,555.01,2.18,0.99,0.64,0.8,0.98,2
IMG_5424.JPG,443.35,1.74,0.99,0.7,0.83,0.98,2
IMG_5458.JPG,541.88,2.12,0.99,0.62,0.79,0.98,2
IMG_5468.JPG,563.22,2.21,0.99,0.61,0.78,0.98,2
IMG_5478.JPG,599.35,2.35,0.99,0.63,0.79,0.97,2
IMG_5499.JPG,571.43,2.24,0.99,0.65,0.8,0.97,2
IMG_5509.JPG,507.39,1.99,0.99,0.64,0.8,0.98,2
IMG_5519.JPG,528.74,2.07,0.99,0.6,0.77,0.98,2
IMG_5529.JPG,523.81,2.05,0.99,0.62,0.79,0.98,2
IMG_5539.JPG,495.9,1.94,0.99,0.65,0.81,0.98,2
IMG_5554.JPG,530.38,2.08,0.99,0.66,0.82,0.98,2
IMG_5564.JPG,545.16,2.14,0.99,0.65,0.8,0.98,2
IMG_5574.JPG,525.45,2.06,0.99,0.64,0.8,0.98,2
IMG_5584.JPG,522.17,2.05,0.99,0.68,0.83,0.97,2
IMG_5594.JPG,543.52,2.13,0.99,0.62,0.79,0.98,2
IMG_5605.JPG,505.75,1.98,0.99,0.67,0.82,0.98,2
IMG_5617.JPG,605.91,2.38,0.99,0.63,0.79,0.97,2
IMG_5627.JPG,643.68,2.52,0.99,0.64,0.8,0.97,2
IMG_5647.JPG,527.1,2.07,0.99,0.68,0.83,0.97,2
IMG_5657.JPG,500.82,1.96,0.99,0.64,0.8,0.98,2
IMG_5667.JPG,551.73,2.16,0.99,0.63,0.79,0.98,2
IMG_5677.JPG,586.21,2.3,0.99,0.62,0.79,0.98,2
IMG_5687.JPG,574.72,2.25,0.99,0.61,0.78,0.98,2
IMG_5697.JPG,487.69,1.91,0.99,0.65,0.81,0.98,2
IMG_5707.JPG,559.94,2.2,0.99,0.65,0.8,0.98,2
IMG_5718.JPG,443.35,1.74,0.99,0.69,0.83,0.98,2
IMG_5728.JPG,466.34,1.83,0.99,0.68,0.82,0.98,2
IMG_5738.JPG,515.6,2.02,0.99,0.63,0.79,0.98,2
IMG_5748.JPG,561.58,2.2,0.99,0.63,0.79,0.98,2
IMG_5758.JPG,530.38,2.08,0.99,0.66,0.81,0.98,2
IMG_5768.JPG,538.59,2.11,0.99,0.64,0.8,0.98,2
IMG_5778.JPG,448.28,1.76,0.99,0.71,0.84,0.98,2
IMG_5788.JPG,471.27,1.85,0.99,0.68,0.82,0.98,2
IMG_5798.JPG,512.32,2.01,0.99,0.65,0.81,0.98,2
IMG_5808.JPG,461.41,1.81,0.99,0.69,0.83,0.98,2
IMG_5818.JPG,500.82,1.96,0.99,0.59,0.77,0.98,2
IMG_5828.JPG,497.54,1.95,0.99,0.66,0.81,0.98,2
IMG_5839.JPG,533.66,2.09,0.99,0.66,0.81,0.98,2
IMG_5849.JPG,426.93,1.67,0.99,0.71,0.84,0.98,2
IMG_5879.JPG,497.54,1.95,0.99,0.68,0.83,0.98,2
IMG_5889.JPG,569.79,2.23,0.99,0.61,0.78,0.98,2
IMG_5909.JPG,527.1,2.07,0.99,0.61,0.78,0.98,2
IMG_5920.JPG,477.84,1.87,0.99,0.68,0.82,0.98,2
IMG_5930.JPG,454.85,1.78,0.99,0.7,0.84,0.98,2
IMG_5940.JPG,441.71,1.73,0.99,0.69,0.83,0.98,2
IMG_5952.JPG,536.95,2.11,0.99,0.67,0.82,0.97,2
IMG_5962.JPG,451.56,1.77,0.99,0.68,0.83,0.98,2
IMG_5973.JPG,489.33,1.92,0.99,0.68,0.83,0.98,2
IMG_5983.JPG,573.07,2.25,0.99,0.62,0.79,0.98,2
IMG_5993.JPG,573.07,2.25,0.99,0.62,0.79,0.98,2
IMG_1131.JPG,607.56,2.38,0.99,0.68,0.83,0.97,3
IMG_1141.JPG,628.9,2.47,0.99,0.66,0.81,0.97,3
IMG_1161.JPG,628.9,2.47,0.99,0.65,0.81,0.97,3
IMG_1172.JPG,627.26,2.46,0.99,0.67,0.82,0.97,3
IMG_1182.JPG,596.06,2.34,0.99,0.67,0.82,0.97,3
IMG_1192.JPG,579.64,2.27,0.99,0.68,0.83,0.97,3
IMG_1202.JPG,615.77,2.41,0.99,0.66,0.81,0.97,3
IMG_1212.JPG,564.86,2.22,0.99,0.71,0.84,0.97,3
IMG_1222.JPG,604.27,2.37,0.99,0.69,0.83,0.97,3
IMG_1232.JPG,615.77,2.41,0.99,0.69,0.83,0.97,3
IMG_1242.JPG,676.52,2.65,0.99,0.63,0.79,0.97,3
IMG_1263.JPG,587.85,2.31,0.99,0.71,0.84,0.97,3
IMG_1273.JPG,561.58,2.2,0.99,0.71,0.84,0.97,3
IMG_1294.JPG,817.74,3.21,0.99,0.67,0.82,0.96,3
IMG_1305.JPG,760.27,2.98,0.99,0.65,0.81,0.97,3
IMG_1325.JPG,571.43,2.24,0.99,0.69,0.83,0.97,3
IMG_4052.JPG,658.46,2.58,0.99,0.61,0.78,0.97,3
IMG_4062.JPG,643.68,2.52,0.99,0.58,0.76,0.98,3
IMG_4072.JPG,558.3,2.19,0.99,0.7,0.84,0.97,3
IMG_4082.JPG,555.01,2.18,0.99,0.66,0.81,0.97,3
IMG_4102.JPG,566.51,2.22,0.99,0.6,0.78,0.98,3
IMG_4112.JPG,637.11,2.5,0.99,0.61,0.78,0.97,3
IMG_4122.JPG,651.89,2.56,0.99,0.62,0.79,0.97,3
IMG_4132.JPG,678.16,2.66,0.99,0.59,0.77,0.97,3
IMG_4142.JPG,550.09,2.16,0.99,0.7,0.84,0.97,3
IMG_4152.JPG,663.39,2.6,0.99,0.59,0.77,0.97,3
IMG_4162.JPG,604.27,2.37,0.99,0.64,0.8,0.97,3
IMG_4174.JPG,596.06,2.34,0.99,0.61,0.78,0.98,3
IMG_4184.JPG,650.25,2.55,0.99,0.62,0.79,0.97,3
IMG_4216.JPG,681.45,2.67,0.99,0.58,0.76,0.97,3
IMG_4226.JPG,619.05,2.43,0.99,0.62,0.79,0.97,3
IMG_4236.JPG,561.58,2.2,0.99,0.73,0.85,0.97,3
IMG_4246.JPG,559.94,2.2,0.99,0.74,0.86,0.97,3
IMG_4258.JPG,622.34,2.44,0.99,0.64,0.8,0.97,3
IMG_4269.JPG,640.4,2.51,0.99,0.66,0.81,0.97,3
IMG_4279.JPG,587.85,2.31,0.99,0.63,0.79,0.97,3
IMG_4289.JPG,653.53,2.56,0.99,0.62,0.79,0.97,3
IMG_4299.JPG,568.15,2.23,0.99,0.7,0.83,0.97,3
IMG_4320.JPG,597.7,2.34,0.99,0.68,0.83,0.97,3
IMG_4331.JPG,574.72,2.25,0.99,0.69,0.83,0.97,3
IMG_4341.JPG,523.81,2.05,0.99,0.64,0.8,0.98,3
IMG_4351.JPG,538.59,2.11,0.99,0.64,0.8,0.98,3
IMG_4362.JPG,576.36,2.26,0.99,0.65,0.81,0.97,3
IMG_4373.JPG,582.93,2.29,0.99,0.63,0.79,0.98,3
IMG_4384.JPG,605.91,2.38,0.99,0.65,0.81,0.97,3
IMG_4394.JPG,594.42,2.33,0.99,0.63,0.79,0.97,3
IMG_4406.JPG,689.66,2.7,0.99,0.59,0.77,0.97,3
IMG_4416.JPG,617.41,2.42,0.99,0.65,0.81,0.97,3
IMG_4427.JPG,635.47,2.49,0.99,0.6,0.77,0.98,3
IMG_4449.JPG,643.68,2.52,0.99,0.57,0.76,0.98,3
IMG_4459.JPG,620.69,2.43,0.99,0.6,0.77,0.98,3
IMG_4479.JPG,669.95,2.63,0.99,0.59,0.77,0.97,3
IMG_4489.JPG,696.23,2.73,0.99,0.61,0.78,0.97,3
IMG_4499.JPG,509.03,2.0,0.99,0.66,0.81,0.98,3
IMG_4509.JPG,602.63,2.36,0.99,0.63,0.8,0.97,3
IMG_4536.JPG,623.98,2.45,0.99,0.61,0.78,0.97,3
IMG_4547.JPG,673.24,2.64,0.99,0.59,0.77,0.97,3
IMG_4557.JPG,768.48,3.01,0.99,0.54,0.74,0.97,3
IMG_4567.JPG,607.56,2.38,0.99,0.63,0.79,0.97,3
IMG_4597.JPG,573.07,2.25,0.99,0.61,0.78,0.98,3
IMG_4607.JPG,681.45,2.67,0.99,0.57,0.76,0.98,3
IMG_4617.JPG,599.35,2.35,0.99,0.61,0.78,0.98,3
IMG_4627.JPG,678.16,2.66,0.99,0.59,0.76,0.97,3
IMG_4637.JPG,605.91,2.38,0.99,0.62,0.79,0.97,3
IMG_4647.JPG,676.52,2.65,0.99,0.57,0.76,0.98,3
IMG_4677.JPG,697.87,2.74,0.99,0.57,0.76,0.97,3
IMG_4687.JPG,633.83,2.49,0.99,0.58,0.76,0.98,3
IMG_4697.JPG,720.86,2.83,0.99,0.51,0.71,0.98,3
IMG_4708.JPG,697.87,2.74,0.99,0.6,0.78,0.97,3
IMG_4718.JPG,622.34,2.44,0.99,0.58,0.76,0.98,3
IMG_4728.JPG,701.15,2.75,0.99,0.54,0.74,0.98,3
IMG_4738.JPG,665.03,2.61,0.99,0.58,0.76,0.98,3
IMG_4748.JPG,761.91,2.99,0.99,0.52,0.72,0.97,3
IMG_4758.JPG,638.76,2.5,0.99,0.6,0.77,0.98,3
IMG_4779.JPG,605.91,2.38,0.99,0.61,0.78,0.98,3
IMG_4789.JPG,628.9,2.47,0.99,0.62,0.79,0.97,3
IMG_4809.JPG,668.31,2.62,0.99,0.59,0.77,0.97,3
IMG_4839.JPG,582.93,2.29,0.99,0.65,0.8,0.97,3
IMG_4849.JPG,619.05,2.43,0.99,0.64,0.8,0.97,3
IMG_4859.JPG,630.55,2.47,0.99,0.64,0.8,0.97,3
IMG_4879.JPG,696.23,2.73,0.99,0.6,0.77,0.97,3
IMG_4889.JPG,699.51,2.74,0.99,0.57,0.75,0.97,3
IMG_4899.JPG,527.1,2.07,0.99,0.63,0.79,0.98,3
IMG_4909.JPG,691.3,2.71,0.99,0.56,0.75,0.98,3
IMG_4919.JPG,625.62,2.45,0.99,0.61,0.78,0.97,3
IMG_4929.JPG,578.0,2.27,0.99,0.66,0.81,0.97,3
IMG_4939.JPG,640.4,2.51,0.99,0.64,0.8,0.97,3
IMG_4949.JPG,609.2,2.39,0.99,0.62,0.79,0.97,3
IMG_4959.JPG,548.44,2.15,0.99,0.61,0.78,0.98,3
IMG_4969.JPG,669.95,2.63,0.99,0.6,0.78,0.97,3
IMG_4979.JPG,684.73,2.69,0.99,0.6,0.77,0.97,3
IMG_4989.JPG,694.59,2.72,0.99,0.6,0.77,0.97,3
IMG_4999.JPG,633.83,2.49,0.99,0.62,0.79,0.97,3
IMG_5020.JPG,573.07,2.25,0.99,0.67,0.82,0.97,3
IMG_5034.JPG,628.9,2.47,0.99,0.64,0.8,0.97,3
IMG_5046.JPG,707.72,2.78,0.99,0.59,0.77,0.97,3
IMG_5056.JPG,651.89,2.56,0.99,0.58,0.76,0.98,3
IMG_5066.JPG,607.56,2.38,0.99,0.66,0.81,0.97,3
IMG_5078.JPG,623.98,2.45,0.99,0.62,0.78,0.97,3
IMG_5104.JPG,599.35,2.35,0.99,0.65,0.81,0.97,3
IMG_5108.JPG,581.28,2.28,0.99,0.65,0.81,0.97,3
IMG_5125.JPG,655.18,2.57,0.99,0.6,0.78,0.97,3
IMG_5135.JPG,724.14,2.84,0.99,0.55,0.74,0.97,3
IMG_5145.JPG,622.34,2.44,0.99,0.62,0.79,0.97,3
IMG_5155.JPG,628.9,2.47,0.99,0.61,0.78,0.97,3
IMG_5166.JPG,610.84,2.4,0.99,0.63,0.8,0.97,3
IMG_5186.JPG,655.18,2.57,0.99,0.59,0.77,0.97,3
IMG_5196.JPG,681.45,2.67,0.99,0.6,0.78,0.97,3
IMG_5216.JPG,683.09,2.68,0.99,0.57,0.75,0.98,3
IMG_5237.JPG,699.51,2.74,0.99,0.58,0.76,0.97,3
IMG_5248.JPG,668.31,2.62,0.99,0.59,0.77,0.97,3
IMG_5258.JPG,669.95,2.63,0.99,0.56,0.74,0.98,3
IMG_5269.JPG,592.78,2.32,0.99,0.64,0.8,0.97,3
IMG_5279.JPG,655.18,2.57,0.99,0.58,0.76,0.98,3
IMG_5289.JPG,556.65,2.18,0.99,0.64,0.8,0.98,3
IMG_5311.JPG,642.04,2.52,0.99,0.6,0.78,0.97,3
IMG_5321.JPG,633.83,2.49,0.99,0.57,0.75,0.98,3
IMG_5343.JPG,581.28,2.28,0.99,0.63,0.79,0.98,3
IMG_5353.JPG,600.99,2.36,0.99,0.65,0.81,0.97,3
IMG_5363.JPG,630.55,2.47,0.99,0.64,0.8,0.97,3
IMG_5373.JPG,599.35,2.35,0.99,0.65,0.81,0.97,3
IMG_5383.JPG,574.72,2.25,0.99,0.64,0.8,0.98,3
IMG_5393.JPG,597.7,2.34,0.99,0.62,0.79,0.98,3
IMG_5403.JPG,694.59,2.72,0.99,0.55,0.74,0.98,3
IMG_5415.JPG,633.83,2.49,0.99,0.6,0.77,0.98,3
IMG_5425.JPG,597.7,2.34,0.99,0.64,0.8,0.97,3
IMG_5459.JPG,623.98,2.45,0.99,0.61,0.78,0.98,3
IMG_5469.JPG,646.97,2.54,0.99,0.57,0.75,0.98,3
IMG_5479.JPG,701.15,2.75,0.99,0.58,0.76,0.97,3
IMG_5500.JPG,691.3,2.71,0.99,0.61,0.78,0.97,3
IMG_5510.JPG,660.1,2.59,0.99,0.59,0.77,0.97,3
IMG_5520.JPG,717.57,2.81,0.99,0.52,0.72,0.98,3
IMG_5530.JPG,724.14,2.84,0.99,0.55,0.74,0.97,3
IMG_5555.JPG,610.84,2.4,0.99,0.64,0.8,0.97,3
IMG_5565.JPG,688.02,2.7,0.99,0.61,0.78,0.97,3
IMG_5575.JPG,658.46,2.58,0.99,0.6,0.77,0.97,3
IMG_5585.JPG,673.24,2.64,0.99,0.6,0.77,0.97,3
IMG_5595.JPG,648.61,2.54,0.99,0.6,0.78,0.97,3
IMG_5607.JPG,678.16,2.66,0.99,0.61,0.78,0.97,3
IMG_5618.JPG,699.51,2.74,0.99,0.6,0.77,0.97,3
IMG_5638.JPG,587.85,2.31,0.99,0.64,0.8,0.97,3
IMG_5648.JPG,617.41,2.42,0.99,0.63,0.79,0.97,3
IMG_5658.JPG,600.99,2.36,0.99,0.62,0.79,0.98,3
IMG_5668.JPG,771.76,3.03,0.99,0.59,0.77,0.97,3
IMG_5678.JPG,646.97,2.54,0.99,0.6,0.77,0.97,3
IMG_5698.JPG,683.09,2.68,0.99,0.57,0.75,0.98,3
IMG_5708.JPG,789.82,3.1,0.99,0.52,0.72,0.97,3
IMG_5719.JPG,559.94,2.2,0.99,0.65,0.81,0.97,3
IMG_5729.JPG,614.12,2.41,0.99,0.63,0.8,0.97,3
IMG_5749.JPG,594.42,2.33,0.99,0.6,0.78,0.98,3
IMG_5759.JPG,633.83,2.49,0.99,0.61,0.78,0.97,3
IMG_5769.JPG,651.89,2.56,0.99,0.61,0.78,0.97,3
IMG_5779.JPG,555.01,2.18,0.99,0.66,0.81,0.97,3
IMG_5789.JPG,648.61,2.54,0.99,0.6,0.77,0.97,3
IMG_5799.JPG,642.04,2.52,0.99,0.62,0.79,0.97,3
IMG_5809.JPG,610.84,2.4,0.99,0.63,0.79,0.97,3
IMG_5819.JPG,666.67,2.61,0.99,0.61,0.78,0.97,3
IMG_5829.JPG,627.26,2.46,0.99,0.6,0.78,0.98,3
IMG_5840.JPG,688.02,2.7,0.99,0.6,0.77,0.97,3
IMG_5850.JPG,765.19,3.0,0.99,0.51,0.71,0.98,3
IMG_5860.JPG,697.87,2.74,0.99,0.58,0.76,0.97,3
IMG_5870.JPG,697.87,2.74,0.99,0.56,0.75,0.98,3
IMG_5890.JPG,699.51,2.74,0.99,0.58,0.76,0.97,3
IMG_5900.JPG,691.3,2.71,0.99,0.6,0.78,0.97,3
IMG_5910.JPG,691.3,2.71,0.99,0.54,0.74,0.98,3
IMG_5931.JPG,581.28,2.28,0.99,0.65,0.81,0.97,3
IMG_5941.JPG,573.07,2.25,0.99,0.64,0.8,0.97,3
IMG_5953.JPG,686.38,2.69,0.99,0.59,0.77,0.97,3
IMG_5963.JPG,566.51,2.22,0.99,0.63,0.79,0.98,3
IMG_5984.JPG,678.16,2.66,0.99,0.59,0.77,0.97,3
IMG_5994.JPG,650.25,2.55,0.99,0.59,0.76,0.98,3
IMG_1122.JPG,638.76,2.5,0.99,0.69,0.83,0.97,4
IMG_1132.JPG,666.67,2.61,0.99,0.7,0.84,0.96,4
IMG_1142.JPG,715.93,2.81,0.99,0.65,0.81,0.97,4
IMG_1152.JPG,771.76,3.03,0.99,0.59,0.77,0.97,4
IMG_1162.JPG,637.11,2.5,0.99,0.66,0.81,0.97,4
IMG_1173.JPG,696.23,2.73,0.99,0.66,0.81,0.97,4
IMG_1183.JPG,643.68,2.52,0.99,0.67,0.82,0.97,4
IMG_1193.JPG,674.88,2.65,0.99,0.67,0.82,0.97,4
IMG_1203.JPG,660.1,2.59,0.99,0.67,0.82,0.97,4
IMG_1213.JPG,665.03,2.61,0.99,0.72,0.85,0.96,4
IMG_1223.JPG,640.4,2.51,0.99,0.69,0.83,0.97,4
IMG_1233.JPG,625.62,2.45,0.99,0.7,0.84,0.97,4
IMG_1243.JPG,648.61,2.54,0.99,0.65,0.8,0.97,4
IMG_1254.JPG,761.91,2.99,0.99,0.68,0.83,0.96,4
IMG_1264.JPG,729.07,2.86,0.99,0.7,0.84,0.96,4
IMG_1274.JPG,553.37,2.17,0.99,0.71,0.84,0.97,4
IMG_1284.JPG,640.4,2.51,0.99,0.66,0.81,0.97,4
IMG_1295.JPG,753.7,2.96,0.99,0.68,0.82,0.96,4
IMG_1316.JPG,640.4,2.51,0.99,0.64,0.8,0.97,4
IMG_4044.JPG,632.19,2.48,0.99,0.62,0.79,0.97,4
IMG_4053.JPG,750.41,2.94,0.99,0.61,0.78,0.97,4
IMG_4063.JPG,720.86,2.83,0.99,0.57,0.75,0.97,4
IMG_4073.JPG,614.12,2.41,0.99,0.66,0.81,0.97,4
IMG_4083.JPG,527.1,2.07,0.99,0.64,0.8,0.98,4
IMG_4093.JPG,612.48,2.4,0.99,0.65,0.81,0.97,4
IMG_4103.JPG,494.26,1.94,0.99,0.62,0.79,0.98,4
IMG_4113.JPG,775.05,3.04,0.99,0.59,0.77,0.97,4
IMG_4133.JPG,730.71,2.87,0.99,0.56,0.75,0.97,4
IMG_4143.JPG,564.86,2.22,0.99,0.71,0.84,0.97,4
IMG_4153.JPG,589.49,2.31,0.99,0.61,0.78,0.98,4
IMG_4163.JPG,678.16,2.66,0.99,0.66,0.81,0.97,4
IMG_4175.JPG,628.9,2.47,0.99,0.62,0.79,0.97,4
IMG_4185.JPG,597.7,2.34,0.99,0.65,0.81,0.97,4
IMG_4207.JPG,738.92,2.9,0.99,0.59,0.77,0.97,4
IMG_4227.JPG,645.32,2.53,0.99,0.67,0.82,0.97,4
IMG_4237.JPG,513.96,2.02,0.99,0.74,0.86,0.97,4
IMG_4248.JPG,573.07,2.25,0.99,0.71,0.84,0.97,4
IMG_4259.JPG,559.94,2.2,0.99,0.65,0.81,0.97,4
IMG_4270.JPG,627.26,2.46,0.99,0.71,0.84,0.97,4
IMG_4280.JPG,640.4,2.51,0.99,0.66,0.81,0.97,4
IMG_4290.JPG,683.09,2.68,0.99,0.61,0.78,0.97,4
IMG_4300.JPG,692.94,2.72,0.99,0.67,0.82,0.97,4
IMG_4310.JPG,737.28,2.89,0.99,0.63,0.79,0.97,4
IMG_4321.JPG,645.32,2.53,0.99,0.7,0.84,0.97,4
IMG_4332.JPG,683.09,2.68,0.99,0.66,0.81,0.97,4
IMG_4342.JPG,553.37,2.17,0.99,0.64,0.8,0.98,4
IMG_4352.JPG,715.93,2.81,0.99,0.58,0.76,0.97,4
IMG_4374.JPG,661.74,2.6,0.99,0.62,0.79,0.97,4
IMG_4385.JPG,661.74,2.6,0.99,0.68,0.83,0.97,4
IMG_4395.JPG,653.53,2.56,0.99,0.62,0.79,0.97,4
IMG_4407.JPG,839.09,3.29,0.99,0.57,0.75,0.97,4
IMG_4450.JPG,597.7,2.34,0.99,0.59,0.77,0.98,4
IMG_4460.JPG,671.6,2.63,0.99,0.6,0.77,0.97,4
IMG_4470.JPG,683.09,2.68,0.99,0.59,0.76,0.97,4
IMG_4480.JPG,761.91,2.99,0.99,0.59,0.77,0.97,4
IMG_4500.JPG,683.09,2.68,0.99,0.64,0.8,0.97,4
IMG_4510.JPG,689.66,2.7,0.99,0.63,0.8,0.97,4
IMG_4537.JPG,697.87,2.74,0.99,0.6,0.78,0.97,4
IMG_4548.JPG,727.43,2.85,0.99,0.61,0.78,0.97,4
IMG_4558.JPG,775.05,3.04,0.99,0.56,0.75,0.97,4
IMG_4568.JPG,658.46,2.58,0.99,0.6,0.77,0.97,4
IMG_4578.JPG,640.4,2.51,0.99,0.65,0.81,0.97,4
IMG_4588.JPG,720.86,2.83,0.99,0.56,0.75,0.97,4
IMG_4598.JPG,711.01,2.79,0.99,0.58,0.76,0.97,4
IMG_4608.JPG,753.7,2.96,0.99,0.58,0.76,0.97,4
IMG_4618.JPG,776.69,3.05,0.99,0.58,0.76,0.97,4
IMG_4628.JPG,625.62,2.45,0.99,0.59,0.77,0.98,4
IMG_4648.JPG,740.56,2.9,0.99,0.56,0.75,0.97,4
IMG_4668.JPG,791.47,3.1,0.99,0.58,0.76,0.97,4
IMG_4688.JPG,740.56,2.9,0.99,0.57,0.75,0.97,4
IMG_4698.JPG,839.09,3.29,0.99,0.52,0.72,0.97,4
IMG_4719.JPG,648.61,2.54,0.99,0.56,0.75,0.98,4
IMG_4729.JPG,840.73,3.3,0.99,0.52,0.72,0.97,4
IMG_4739.JPG,668.31,2.62,0.99,0.61,0.78,0.97,4
IMG_4749.JPG,796.39,3.12,0.99,0.57,0.76,0.97,4
IMG_4769.JPG,784.9,3.08,0.99,0.59,0.77,0.97,4
IMG_4790.JPG,630.55,2.47,0.99,0.64,0.8,0.97,4
IMG_4800.JPG,559.94,2.2,0.99,0.64,0.8,0.98,4
IMG_4810.JPG,724.14,2.84,0.99,0.6,0.77,0.97,4
IMG_4820.JPG,653.53,2.56,0.99,0.63,0.8,0.97,4
IMG_4830.JPG,660.1,2.59,0.99,0.6,0.78,0.97,4
IMG_4840.JPG,679.81,2.67,0.99,0.63,0.79,0.97,4
IMG_4850.JPG,711.01,2.79,0.99,0.6,0.78,0.97,4
IMG_4860.JPG,650.25,2.55,0.99,0.63,0.79,0.97,4
IMG_4880.JPG,802.96,3.15,0.99,0.59,0.77,0.97,4
IMG_4910.JPG,821.02,3.22,0.99,0.54,0.73,0.97,4
IMG_4920.JPG,645.32,2.53,0.99,0.63,0.79,0.97,4
IMG_4930.JPG,679.81,2.67,0.99,0.64,0.8,0.97,4
IMG_4940.JPG,689.66,2.7,0.99,0.64,0.8,0.97,4
IMG_4960.JPG,653.53,2.56,0.99,0.56,0.75,0.98,4
IMG_4970.JPG,724.14,2.84,0.99,0.61,0.78,0.97,4
IMG_4980.JPG,747.13,2.93,0.99,0.6,0.77,0.97,4
IMG_4990.JPG,704.44,2.76,0.99,0.62,0.79,0.97,4
IMG_5001.JPG,653.53,2.56,0.99,0.63,0.79,0.97,4
IMG_5011.JPG,610.84,2.4,0.99,0.67,0.82,0.97,4
IMG_5021.JPG,671.6,2.63,0.99,0.64,0.8,0.97,4
IMG_5035.JPG,586.21,2.3,0.99,0.66,0.81,0.97,4
IMG_5047.JPG,602.63,2.36,0.99,0.59,0.77,0.98,4
IMG_5057.JPG,773.4,3.03,0.99,0.55,0.74,0.97,4
IMG_5067.JPG,674.88,2.65,0.99,0.66,0.81,0.97,4
IMG_5079.JPG,699.51,2.74,0.99,0.6,0.78,0.97,4
IMG_5095.JPG,768.48,3.01,0.99,0.57,0.76,0.97,4
IMG_5105.JPG,653.53,2.56,0.99,0.66,0.81,0.97,4
IMG_5115.JPG,666.67,2.61,0.99,0.57,0.76,0.98,4
IMG_5136.JPG,758.62,2.98,0.99,0.57,0.75,0.97,4
IMG_5156.JPG,633.83,2.49,0.99,0.6,0.78,0.97,4
IMG_5167.JPG,701.15,2.75,0.99,0.62,0.79,0.97,4
IMG_5177.JPG,701.15,2.75,0.99,0.58,0.76,0.97,4
IMG_5187.JPG,765.19,3.0,0.99,0.6,0.77,0.97,4
IMG_5197.JPG,773.4,3.03,0.99,0.56,0.75,0.97,4
IMG_5207.JPG,725.78,2.85,0.99,0.53,0.73,0.98,4
IMG_5217.JPG,738.92,2.9,0.99,0.6,0.78,0.97,4
IMG_5238.JPG,683.09,2.68,0.99,0.6,0.78,0.97,4
IMG_5249.JPG,661.74,2.6,0.99,0.62,0.79,0.97,4
IMG_5260.JPG,830.88,3.26,0.99,0.53,0.73,0.97,4
IMG_5292.JPG,600.99,2.36,0.99,0.66,0.81,0.97,4
IMG_5301.JPG,770.12,3.02,0.99,0.54,0.74,0.97,4
IMG_5312.JPG,674.88,2.65,0.99,0.59,0.77,0.97,4
IMG_5322.JPG,645.32,2.53,0.99,0.56,0.75,0.98,4
IMG_5344.JPG,637.11,2.5,0.99,0.64,0.8,0.97,4
IMG_5354.JPG,556.65,2.18,0.99,0.65,0.81,0.98,4
IMG_5364.JPG,646.97,2.54,0.99,0.64,0.8,0.97,4
IMG_5374.JPG,566.51,2.22,0.99,0.64,0.8,0.98,4
IMG_5404.JPG,707.72,2.78,0.99,0.57,0.76,0.97,4
IMG_5450.JPG,747.13,2.93,0.99,0.58,0.76,0.97,4
IMG_5460.JPG,738.92,2.9,0.99,0.58,0.76,0.97,4
IMG_5470.JPG,699.51,2.74,0.99,0.59,0.77,0.97,4
IMG_5480.JPG,709.36,2.78,0.99,0.62,0.79,0.97,4
IMG_5491.JPG,697.87,2.74,0.99,0.62,0.79,0.97,4
IMG_5501.JPG,665.03,2.61,0.99,0.63,0.8,0.97,4
IMG_5511.JPG,727.43,2.85,0.99,0.59,0.77,0.97,4
IMG_5521.JPG,799.68,3.14,0.99,0.55,0.74,0.97,4
IMG_5531.JPG,814.45,3.19,0.99,0.53,0.73,0.97,4
IMG_5541.JPG,522.17,2.05,0.99,0.63,0.79,0.98,4
IMG_5566.JPG,678.16,2.66,0.99,0.63,0.79,0.97,4
IMG_5576.JPG,733.99,2.88,0.99,0.59,0.77,0.97,4
IMG_5586.JPG,779.97,3.06,0.99,0.58,0.76,0.97,4
IMG_5596.JPG,722.5,2.83,0.99,0.59,0.77,0.97,4
IMG_5608.JPG,674.88,2.65,0.99,0.58,0.76,0.97,4
IMG_5619.JPG,786.54,3.08,0.99,0.6,0.77,0.97,4
IMG_5629.JPG,770.12,3.02,0.99,0.59,0.77,0.97,4
IMG_5639.JPG,600.99,2.36,0.99,0.65,0.81,0.97,4
IMG_5649.JPG,653.53,2.56,0.99,0.64,0.8,0.97,4
IMG_5659.JPG,599.35,2.35,0.99,0.62,0.79,0.98,4
IMG_5669.JPG,727.43,2.85,0.99,0.6,0.77,0.97,4
IMG_5689.JPG,688.02,2.7,0.99,0.62,0.79,0.97,4
IMG_5699.JPG,594.42,2.33,0.99,0.63,0.79,0.97,4
IMG_5709.JPG,591.14,2.32,0.99,0.61,0.78,0.98,4
IMG_5720.JPG,568.15,2.23,0.99,0.65,0.8,0.97,4
IMG_5730.JPG,666.67,2.61,0.99,0.64,0.8,0.97,4
IMG_5740.JPG,742.2,2.91,0.99,0.58,0.76,0.97,4
IMG_5750.JPG,669.95,2.63,0.99,0.6,0.78,0.97,4
IMG_5760.JPG,660.1,2.59,0.99,0.64,0.8,0.97,4
IMG_5770.JPG,635.47,2.49,0.99,0.62,0.79,0.97,4
IMG_5780.JPG,622.34,2.44,0.99,0.66,0.81,0.97,4
IMG_5790.JPG,717.57,2.81,0.99,0.6,0.77,0.97,4
IMG_5800.JPG,559.94,2.2,0.99,0.64,0.8,0.98,4
IMG_5820.JPG,661.74,2.6,0.99,0.6,0.77,0.97,4
IMG_5841.JPG,699.51,2.74,0.99,0.61,0.78,0.97,4
IMG_5871.JPG,735.64,2.88,0.99,0.58,0.76,0.97,4
IMG_5881.JPG,596.06,2.34,0.99,0.66,0.81,0.97,4
IMG_5891.JPG,804.6,3.16,0.99,0.58,0.76,0.97,4
IMG_5901.JPG,696.23,2.73,0.99,0.63,0.79,0.97,4
IMG_5911.JPG,794.75,3.12,0.99,0.52,0.72,0.97,4
IMG_5922.JPG,712.65,2.79,0.99,0.6,0.78,0.97,4
IMG_5932.JPG,614.12,2.41,0.99,0.65,0.81,0.97,4
IMG_5944.JPG,515.6,2.02,0.99,0.65,0.81,0.98,4
IMG_5954.JPG,589.49,2.31,0.99,0.62,0.78,0.98,4
IMG_5964.JPG,574.72,2.25,0.99,0.66,0.81,0.97,4
IMG_5975.JPG,658.46,2.58,0.99,0.64,0.8,0.97,4
IMG_5985.JPG,628.9,2.47,0.99,0.6,0.77,0.98,4
IMG_5995.JPG,699.51,2.74,0.99,0.6,0.77,0.97,4
IMG_1123.JPG,796.39,3.12,0.99,0.63,0.79,0.97,5
IMG_1133.JPG,822.66,3.23,0.99,0.65,0.8,0.96,5
IMG_1143.JPG,824.31,3.23,0.99,0.61,0.78,0.97,5
IMG_1153.JPG,807.89,3.17,0.99,0.61,0.78,0.97,5
IMG_1163.JPG,794.75,3.12,0.99,0.62,0.79,0.97,5
IMG_1174.JPG,756.98,2.97,0.99,0.64,0.8,0.97,5
IMG_1184.JPG,855.51,3.35,0.99,0.62,0.79,0.96,5
IMG_1194.JPG,824.31,3.23,0.99,0.63,0.79,0.96,5
IMG_1204.JPG,844.01,3.31,0.99,0.63,0.79,0.96,5
IMG_1214.JPG,758.62,2.98,0.99,0.67,0.82,0.96,5
IMG_1224.JPG,760.27,2.98,0.99,0.65,0.81,0.97,5
IMG_1234.JPG,747.13,2.93,0.99,0.64,0.8,0.97,5
IMG_1244.JPG,806.24,3.16,0.99,0.6,0.78,0.97,5
IMG_1255.JPG,914.62,3.59,0.99,0.62,0.79,0.96,5
IMG_1265.JPG,862.07,3.38,0.99,0.64,0.8,0.96,5
IMG_1275.JPG,845.65,3.32,0.99,0.62,0.79,0.96,5
IMG_1285.JPG,827.59,3.25,0.99,0.61,0.78,0.97,5
IMG_1296.JPG,1047.62,4.11,0.98,0.64,0.8,0.95,5
IMG_1317.JPG,799.68,3.14,0.99,0.61,0.78,0.97,5
IMG_1327.JPG,927.76,3.64,0.99,0.59,0.77,0.96,5
IMG_4039.JPG,730.71,2.87,0.99,0.66,0.81,0.97,5
IMG_4054.JPG,893.27,3.5,0.99,0.58,0.76,0.97,5
IMG_4064.JPG,862.07,3.38,0.99,0.55,0.74,0.97,5
IMG_4074.JPG,760.27,2.98,0.99,0.61,0.78,0.97,5
IMG_4094.JPG,743.85,2.92,0.99,0.63,0.79,0.97,5
IMG_4104.JPG,768.48,3.01,0.99,0.57,0.76,0.97,5
IMG_4124.JPG,811.17,3.18,0.99,0.62,0.79,0.97,5
IMG_4144.JPG,692.94,2.72,0.99,0.66,0.81,0.97,5
IMG_4154.JPG,750.41,2.94,0.99,0.6,0.77,0.97,5
IMG_4164.JPG,811.17,3.18,0.99,0.61,0.78,0.97,5
IMG_4176.JPG,816.1,3.2,0.99,0.57,0.76,0.97,5
IMG_4186.JPG,740.56,2.9,0.99,0.64,0.8,0.97,5
IMG_4198.JPG,740.56,2.9,0.99,0.58,0.76,0.97,5
IMG_4208.JPG,829.23,3.25,0.99,0.56,0.75,0.97,5
IMG_4218.JPG,719.22,2.82,0.99,0.62,0.78,0.97,5
IMG_4228.JPG,870.28,3.41,0.99,0.53,0.73,0.97,5
IMG_4238.JPG,694.59,2.72,0.99,0.69,0.83,0.96,5
IMG_4249.JPG,640.4,2.51,0.99,0.69,0.83,0.97,5
IMG_4260.JPG,732.35,2.87,0.99,0.59,0.77,0.97,5
IMG_4271.JPG,740.56,2.9,0.99,0.68,0.82,0.96,5
IMG_4301.JPG,807.89,3.17,0.99,0.63,0.79,0.97,5
IMG_4311.JPG,799.68,3.14,0.99,0.63,0.79,0.97,5
IMG_4322.JPG,699.51,2.74,0.99,0.69,0.83,0.96,5
IMG_4353.JPG,732.35,2.87,0.99,0.61,0.78,0.97,5
IMG_4364.JPG,784.9,3.08,0.99,0.61,0.78,0.97,5
IMG_4375.JPG,692.94,2.72,0.99,0.69,0.83,0.96,5
IMG_4386.JPG,753.7,2.96,0.99,0.67,0.82,0.96,5
IMG_4396.JPG,775.05,3.04,0.99,0.58,0.76,0.97,5
IMG_4418.JPG,894.91,3.51,0.99,0.56,0.75,0.97,5
IMG_4429.JPG,711.01,2.79,0.99,0.61,0.78,0.97,5
IMG_4441.JPG,865.36,3.39,0.99,0.56,0.75,0.97,5
IMG_4451.JPG,806.24,3.16,0.99,0.54,0.74,0.97,5
IMG_4461.JPG,766.84,3.01,0.99,0.57,0.75,0.97,5
IMG_4471.JPG,829.23,3.25,0.99,0.57,0.75,0.97,5
IMG_4481.JPG,825.95,3.24,0.99,0.58,0.76,0.97,5
IMG_4491.JPG,793.11,3.11,0.99,0.6,0.78,0.97,5
IMG_4501.JPG,752.06,2.95,0.99,0.6,0.78,0.97,5
IMG_4511.JPG,862.07,3.38,0.99,0.57,0.76,0.97,5
IMG_4538.JPG,804.6,3.16,0.99,0.59,0.77,0.97,5
IMG_4549.JPG,747.13,2.93,0.99,0.57,0.75,0.97,5
IMG_4559.JPG,878.49,3.45,0.99,0.55,0.74,0.97,5
IMG_4569.JPG,791.47,3.1,0.99,0.58,0.76,0.97,5
IMG_4579.JPG,819.38,3.21,0.99,0.57,0.76,0.97,5
IMG_4589.JPG,835.8,3.28,0.99,0.54,0.73,0.97,5
IMG_4599.JPG,860.43,3.37,0.99,0.55,0.74,0.97,5
IMG_4609.JPG,858.79,3.37,0.99,0.56,0.75,0.97,5
IMG_4619.JPG,858.79,3.37,0.99,0.55,0.74,0.97,5
IMG_4629.JPG,840.73,3.3,0.99,0.58,0.76,0.97,5
IMG_4639.JPG,858.79,3.37,0.99,0.56,0.75,0.97,5
IMG_4649.JPG,893.27,3.5,0.99,0.53,0.73,0.97,5
IMG_4669.JPG,870.28,3.41,0.99,0.57,0.75,0.97,5
IMG_4689.JPG,799.68,3.14,0.99,0.55,0.74,0.97,5
IMG_4699.JPG,880.14,3.45,0.99,0.53,0.73,0.97,5
IMG_4710.JPG,858.79,3.37,0.99,0.6,0.77,0.97,5
IMG_4720.JPG,901.48,3.54,0.99,0.5,0.71,0.97,5
IMG_4730.JPG,978.66,3.84,0.98,0.5,0.71,0.97,5
IMG_4740.JPG,821.02,3.22,0.99,0.56,0.75,0.97,5
IMG_4760.JPG,863.72,3.39,0.99,0.53,0.73,0.97,5
IMG_4781.JPG,911.34,3.57,0.99,0.56,0.75,0.97,5
IMG_4791.JPG,798.03,3.13,0.99,0.57,0.76,0.97,5
IMG_4801.JPG,724.14,2.84,0.99,0.59,0.77,0.97,5
IMG_4811.JPG,911.34,3.57,0.99,0.54,0.73,0.97,5
IMG_4821.JPG,765.19,3.0,0.99,0.62,0.79,0.97,5
IMG_4831.JPG,768.48,3.01,0.99,0.58,0.76,0.97,5
IMG_4841.JPG,789.82,3.1,0.99,0.59,0.77,0.97,5
IMG_4851.JPG,814.45,3.19,0.99,0.59,0.77,0.97,5
IMG_4861.JPG,756.98,2.97,0.99,0.63,0.79,0.97,5
IMG_4871.JPG,715.93,2.81,0.99,0.6,0.77,0.97,5
IMG_4891.JPG,852.22,3.34,0.99,0.56,0.75,0.97,5
IMG_4901.JPG,738.92,2.9,0.99,0.64,0.8,0.97,5
IMG_4931.JPG,781.61,3.07,0.99,0.62,0.79,0.97,5
IMG_4951.JPG,806.24,3.16,0.99,0.58,0.76,0.97,5
IMG_4961.JPG,752.06,2.95,0.99,0.53,0.73,0.97,5
IMG_4971.JPG,827.59,3.25,0.99,0.6,0.77,0.97,5
IMG_4981.JPG,908.05,3.56,0.99,0.56,0.75,0.97,5
IMG_5002.JPG,704.44,2.76,0.99,0.65,0.81,0.97,5
IMG_5012.JPG,738.92,2.9,0.99,0.64,0.8,0.97,5
IMG_5022.JPG,842.37,3.3,0.99,0.59,0.77,0.97,5
IMG_5036.JPG,750.41,2.94,0.99,0.59,0.77,0.97,5
IMG_5048.JPG,756.98,2.97,0.99,0.59,0.77,0.97,5
IMG_5058.JPG,834.16,3.27,0.99,0.57,0.75,0.97,5
IMG_5068.JPG,763.55,2.99,0.99,0.65,0.8,0.97,5
IMG_5080.JPG,781.61,3.07,0.99,0.6,0.77,0.97,5
IMG_5096.JPG,931.04,3.65,0.99,0.55,0.74,0.97,5
IMG_5106.JPG,807.89,3.17,0.99,0.59,0.77,0.97,5
IMG_5116.JPG,845.65,3.32,0.99,0.52,0.72,0.97,5
IMG_5127.JPG,850.58,3.34,0.99,0.56,0.75,0.97,5
IMG_5137.JPG,871.93,3.42,0.99,0.56,0.75,0.97,5
IMG_5147.JPG,847.3,3.32,0.99,0.59,0.76,0.97,5
IMG_5157.JPG,829.23,3.25,0.99,0.55,0.74,0.97,5
IMG_5168.JPG,867.0,3.4,0.99,0.55,0.74,0.97,5
IMG_5188.JPG,881.78,3.46,0.99,0.56,0.75,0.97,5
IMG_5198.JPG,898.2,3.52,0.99,0.54,0.74,0.97,5
IMG_5208.JPG,924.47,3.63,0.99,0.52,0.72,0.97,5
IMG_5218.JPG,852.22,3.34,0.99,0.57,0.75,0.97,5
IMG_5228.JPG,822.66,3.23,0.99,0.53,0.73,0.97,5
IMG_5239.JPG,827.59,3.25,0.99,0.59,0.77,0.97,5
IMG_5250.JPG,827.59,3.25,0.99,0.58,0.76,0.97,5
IMG_5261.JPG,904.77,3.55,0.99,0.52,0.72,0.97,5
IMG_5281.JPG,832.52,3.26,0.99,0.56,0.75,0.97,5
IMG_5290.JPG,740.56,2.9,0.99,0.59,0.77,0.97,5
IMG_5302.JPG,955.67,3.75,0.99,0.52,0.72,0.97,5
IMG_5313.JPG,822.66,3.23,0.99,0.55,0.74,0.97,5
IMG_5323.JPG,765.19,3.0,0.99,0.54,0.73,0.97,5
IMG_5334.JPG,781.61,3.07,0.99,0.6,0.77,0.97,5
IMG_5345.JPG,747.13,2.93,0.99,0.6,0.78,0.97,5
IMG_5355.JPG,738.92,2.9,0.99,0.6,0.78,0.97,5
IMG_5375.JPG,794.75,3.12,0.99,0.58,0.76,0.97,5
IMG_5395.JPG,771.76,3.03,0.99,0.61,0.78,0.97,5
IMG_5405.JPG,862.07,3.38,0.99,0.54,0.73,0.97,5
IMG_5417.JPG,840.73,3.3,0.99,0.54,0.73,0.97,5
IMG_5427.JPG,642.04,2.52,0.99,0.63,0.79,0.97,5
IMG_5451.JPG,860.43,3.37,0.99,0.54,0.74,0.97,5
IMG_5471.JPG,827.59,3.25,0.99,0.57,0.75,0.97,5
IMG_5481.JPG,867.0,3.4,0.99,0.56,0.75,0.97,5
IMG_5492.JPG,867.0,3.4,0.99,0.57,0.75,0.97,5
IMG_5512.JPG,868.64,3.41,0.99,0.56,0.75,0.97,5
IMG_5522.JPG,903.12,3.54,0.99,0.52,0.72,0.97,5
IMG_5532.JPG,886.7,3.48,0.99,0.55,0.74,0.97,5
IMG_5557.JPG,840.73,3.3,0.99,0.58,0.76,0.97,5
IMG_5567.JPG,832.52,3.26,0.99,0.59,0.77,0.97,5
IMG_5587.JPG,865.36,3.39,0.99,0.57,0.75,0.97,5
IMG_5597.JPG,842.37,3.3,0.99,0.56,0.75,0.97,5
IMG_5609.JPG,914.62,3.59,0.99,0.55,0.74,0.97,5
IMG_5630.JPG,816.1,3.2,0.99,0.59,0.77,0.97,5
IMG_5650.JPG,858.79,3.37,0.99,0.59,0.77,0.97,5
IMG_5660.JPG,896.56,3.52,0.99,0.54,0.73,0.97,5
IMG_5670.JPG,860.43,3.37,0.99,0.56,0.75,0.97,5
IMG_5680.JPG,840.73,3.3,0.99,0.57,0.76,0.97,5
IMG_5690.JPG,819.38,3.21,0.99,0.58,0.76,0.97,5
IMG_5700.JPG,784.9,3.08,0.99,0.58,0.76,0.97,5
IMG_5710.JPG,761.91,2.99,0.99,0.53,0.73,0.97,5
IMG_5741.JPG,784.9,3.08,0.99,0.54,0.74,0.97,5
IMG_5761.JPG,799.68,3.14,0.99,0.59,0.77,0.97,5
IMG_5771.JPG,801.32,3.14,0.99,0.58,0.76,0.97,5
IMG_5781.JPG,707.72,2.78,0.99,0.64,0.8,0.97,5
IMG_5791.JPG,822.66,3.23,0.99,0.59,0.77,0.97,5
IMG_5801.JPG,733.99,2.88,0.99,0.58,0.76,0.97,5
IMG_5821.JPG,753.7,2.96,0.99,0.56,0.75,0.97,5
IMG_5842.JPG,794.75,3.12,0.99,0.59,0.77,0.97,5
IMG_5862.JPG,868.64,3.41,0.99,0.55,0.74,0.97,5
IMG_5872.JPG,758.62,2.97,0.99,0.59,0.77,0.97,5
IMG_5892.JPG,875.21,3.43,0.99,0.56,0.75,0.97,5
IMG_5902.JPG,793.11,3.11,0.99,0.59,0.77,0.97,5
IMG_5913.JPG,819.38,3.21,0.99,0.57,0.76,0.97,5
IMG_5923.JPG,814.45,3.19,0.99,0.59,0.77,0.97,5
IMG_5933.JPG,793.11,3.11,0.99,0.59,0.77,0.97,5
IMG_5945.JPG,706.08,2.77,0.99,0.66,0.81,0.97,5
IMG_5965.JPG,742.2,2.91,0.99,0.62,0.79,0.97,5
IMG_5976.JPG,760.27,2.98,0.99,0.61,0.78,0.97,5
IMG_5986.JPG,733.99,2.88,0.99,0.57,0.75,0.97,5
IMG_5996.JPG,847.3,3.32,0.99,0.56,0.75,0.97,5
IMG_1124.JPG,466.34,1.83,0.99,0.74,0.86,0.97,6
IMG_1134.JPG,523.81,2.05,0.99,0.72,0.85,0.97,6
IMG_1144.JPG,589.49,2.31,0.99,0.68,0.83,0.97,6
IMG_1164.JPG,599.35,2.35,0.99,0.69,0.83,0.97,6
IMG_1175.JPG,584.57,2.29,0.99,0.69,0.83,0.97,6
IMG_1185.JPG,589.49,2.31,0.99,0.71,0.84,0.97,6
IMG_1195.JPG,453.2,1.78,0.99,0.68,0.82,0.98,6
IMG_1205.JPG,559.94,2.2,0.99,0.7,0.84,0.97,6
IMG_1215.JPG,561.58,2.2,0.99,0.74,0.86,0.97,6
IMG_1225.JPG,467.98,1.84,0.99,0.73,0.85,0.97,6
IMG_1235.JPG,596.06,2.34,0.99,0.7,0.83,0.97,6
IMG_1245.JPG,528.74,2.07,0.99,0.68,0.83,0.97,6
IMG_1256.JPG,623.98,2.45,0.99,0.7,0.84,0.97,6
IMG_1266.JPG,597.7,2.34,0.99,0.72,0.85,0.97,6
IMG_1276.JPG,571.43,2.24,0.99,0.7,0.84,0.97,6
IMG_1286.JPG,520.53,2.04,0.99,0.68,0.83,0.97,6
IMG_1297.JPG,620.69,2.43,0.99,0.71,0.84,0.97,6
IMG_1308.JPG,646.97,2.54,0.99,0.7,0.84,0.97,6
IMG_1318.JPG,541.88,2.12,0.99,0.7,0.84,0.97,6
IMG_1328.JPG,643.68,2.52,0.99,0.65,0.81,0.97,6
IMG_4045.JPG,550.09,2.16,0.99,0.63,0.8,0.98,6
IMG_4055.JPG,607.56,2.38,0.99,0.63,0.79,0.97,6
IMG_4065.JPG,591.14,2.32,0.99,0.61,0.78,0.98,6
IMG_4075.JPG,569.79,2.23,0.99,0.66,0.81,0.97,6
IMG_4125.JPG,576.36,2.26,0.99,0.69,0.83,0.97,6
IMG_4135.JPG,645.32,2.53,0.99,0.61,0.78,0.97,6
IMG_4145.JPG,418.72,1.64,0.99,0.72,0.85,0.98,6
IMG_4155.JPG,628.9,2.47,0.99,0.62,0.79,0.97,6
IMG_4165.JPG,546.8,2.14,0.99,0.68,0.83,0.97,6
IMG_4187.JPG,499.18,1.96,0.99,0.69,0.83,0.97,6
IMG_4209.JPG,592.78,2.32,0.99,0.62,0.79,0.98,6
IMG_4219.JPG,633.83,2.49,0.99,0.63,0.79,0.97,6
IMG_4229.JPG,599.35,2.35,0.99,0.57,0.76,0.98,6
IMG_4239.JPG,520.53,2.04,0.99,0.73,0.85,0.97,6
IMG_4261.JPG,466.34,1.83,0.99,0.67,0.82,0.98,6
IMG_4272.JPG,541.88,2.12,0.99,0.73,0.86,0.97,6
IMG_4282.JPG,520.53,2.04,0.99,0.68,0.83,0.97,6
IMG_4302.JPG,632.19,2.48,0.99,0.68,0.83,0.97,6
IMG_4312.JPG,610.84,2.4,0.99,0.67,0.82,0.97,6
IMG_4323.JPG,556.65,2.18,0.99,0.7,0.84,0.97,6
IMG_4344.JPG,615.77,2.41,0.99,0.66,0.81,0.97,6
IMG_4365.JPG,540.23,2.12,0.99,0.68,0.82,0.97,6
IMG_4376.JPG,530.38,2.08,0.99,0.74,0.86,0.97,6
IMG_4387.JPG,535.31,2.1,0.99,0.73,0.86,0.97,6
IMG_4397.JPG,592.78,2.32,0.99,0.59,0.77,0.98,6
IMG_4409.JPG,729.07,2.86,0.99,0.56,0.75,0.97,6
IMG_4419.JPG,612.48,2.4,0.99,0.65,0.81,0.97,6
IMG_4430.JPG,533.66,2.09,0.99,0.63,0.79,0.98,6
IMG_4452.JPG,651.89,2.56,0.99,0.54,0.74,0.98,6
IMG_4462.JPG,581.28,2.28,0.99,0.59,0.77,0.98,6
IMG_4472.JPG,555.01,2.18,0.99,0.62,0.79,0.98,6
IMG_4482.JPG,684.73,2.69,0.99,0.6,0.78,0.97,6
IMG_4492.JPG,581.28,2.28,0.99,0.66,0.81,0.97,6
IMG_4502.JPG,472.91,1.85,0.99,0.69,0.83,0.98,6
IMG_4512.JPG,614.12,2.41,0.99,0.63,0.79,0.97,6
IMG_4539.JPG,587.85,2.31,0.99,0.66,0.81,0.97,6
IMG_4550.JPG,591.14,2.32,0.99,0.62,0.78,0.98,6
IMG_4560.JPG,678.16,2.66,0.99,0.59,0.77,0.97,6
IMG_4570.JPG,653.53,2.56,0.99,0.59,0.77,0.97,6
IMG_4580.JPG,586.21,2.3,0.99,0.63,0.8,0.97,6
IMG_4610.JPG,635.47,2.49,0.99,0.61,0.78,0.97,6
IMG_4620.JPG,609.2,2.39,0.99,0.62,0.79,0.97,6
IMG_4630.JPG,612.48,2.4,0.99,0.63,0.79,0.97,6
IMG_4640.JPG,617.41,2.42,0.99,0.61,0.78,0.98,6
IMG_4670.JPG,666.67,2.61,0.99,0.6,0.78,0.97,6
IMG_4680.JPG,669.95,2.63,0.99,0.61,0.78,0.97,6
IMG_4690.JPG,646.97,2.54,0.99,0.58,0.76,0.98,6
IMG_4700.JPG,568.15,2.23,0.99,0.59,0.77,0.98,6
IMG_4711.JPG,548.44,2.15,0.99,0.67,0.82,0.97,6
IMG_4721.JPG,655.18,2.57,0.99,0.55,0.74,0.98,6
IMG_4731.JPG,750.41,2.94,0.99,0.57,0.75,0.97,6
IMG_4741.JPG,651.89,2.56,0.99,0.59,0.77,0.98,6
IMG_4761.JPG,646.97,2.54,0.99,0.57,0.76,0.98,6
IMG_4771.JPG,477.84,1.87,0.99,0.61,0.78,0.98,6
IMG_4782.JPG,579.64,2.27,0.99,0.63,0.79,0.98,6
IMG_4802.JPG,492.61,1.93,0.99,0.65,0.8,0.98,6
IMG_4812.JPG,658.46,2.58,0.99,0.58,0.76,0.98,6
IMG_4822.JPG,523.81,2.05,0.99,0.69,0.83,0.97,6
IMG_4832.JPG,545.16,2.14,0.99,0.64,0.8,0.98,6
IMG_4842.JPG,476.19,1.87,0.99,0.65,0.81,0.98,6
IMG_4872.JPG,513.96,2.02,0.99,0.65,0.8,0.98,6
IMG_4882.JPG,745.49,2.92,0.99,0.58,0.76,0.97,6
IMG_4892.JPG,674.88,2.65,0.99,0.59,0.77,0.97,6
IMG_4902.JPG,499.18,1.96,0.99,0.67,0.82,0.98,6
IMG_4912.JPG,637.11,2.5,0.99,0.6,0.77,0.98,6
IMG_4922.JPG,527.1,2.07,0.99,0.67,0.82,0.97,6
IMG_4932.JPG,628.9,2.47,0.99,0.63,0.79,0.97,6
IMG_4942.JPG,571.43,2.24,0.99,0.67,0.82,0.97,6
IMG_4962.JPG,469.62,1.84,0.99,0.63,0.79,0.98,6
IMG_4972.JPG,582.93,2.29,0.99,0.66,0.81,0.97,6
IMG_4982.JPG,678.16,2.66,0.99,0.56,0.75,0.98,6
IMG_4992.JPG,579.64,2.27,0.99,0.65,0.81,0.97,6
IMG_5003.JPG,500.82,1.96,0.99,0.7,0.84,0.97,6
IMG_5013.JPG,499.18,1.96,0.99,0.7,0.84,0.97,6
IMG_5023.JPG,571.43,2.24,0.99,0.61,0.78,0.98,6
IMG_5049.JPG,555.01,2.18,0.99,0.66,0.81,0.97,6
IMG_5059.JPG,592.78,2.32,0.99,0.61,0.78,0.98,6
IMG_5069.JPG,579.64,2.27,0.99,0.71,0.84,0.97,6
IMG_5107.JPG,586.21,2.3,0.99,0.63,0.79,0.98,6
IMG_5117.JPG,574.72,2.25,0.99,0.6,0.77,0.98,6
IMG_5128.JPG,504.11,1.98,0.99,0.62,0.79,0.98,6
IMG_5138.JPG,643.68,2.52,0.99,0.6,0.77,0.97,6
IMG_5148.JPG,630.55,2.47,0.99,0.63,0.79,0.97,6
IMG_5158.JPG,582.93,2.29,0.99,0.62,0.79,0.98,6
IMG_5169.JPG,605.91,2.38,0.99,0.59,0.77,0.98,6
IMG_5179.JPG,707.72,2.78,0.99,0.58,0.76,0.97,6
IMG_5189.JPG,602.63,2.36,0.99,0.61,0.78,0.98,6
IMG_5199.JPG,569.79,2.23,0.99,0.62,0.79,0.98,6
IMG_5219.JPG,614.12,2.41,0.99,0.61,0.78,0.98,6
IMG_5229.JPG,688.02,2.7,0.99,0.57,0.75,0.97,6
IMG_5240.JPG,568.15,2.23,0.99,0.66,0.81,0.97,6
IMG_5251.JPG,556.65,2.18,0.99,0.65,0.8,0.98,6
IMG_5262.JPG,689.66,2.7,0.99,0.55,0.74,0.98,6
IMG_5272.JPG,510.68,2.0,0.99,0.62,0.79,0.98,6
IMG_5282.JPG,643.68,2.52,0.99,0.59,0.77,0.98,6
IMG_5293.JPG,518.89,2.03,0.99,0.67,0.82,0.98,6
IMG_5314.JPG,661.74,2.6,0.99,0.58,0.76,0.98,6
IMG_5324.JPG,574.72,2.25,0.99,0.6,0.77,0.98,6
IMG_5335.JPG,571.43,2.24,0.99,0.67,0.82,0.97,6
IMG_5346.JPG,492.61,1.93,0.99,0.65,0.81,0.98,6
IMG_5356.JPG,495.9,1.94,0.99,0.65,0.8,0.98,6
IMG_5376.JPG,548.44,2.15,0.99,0.63,0.8,0.98,6
IMG_5386.JPG,561.58,2.2,0.99,0.63,0.79,0.98,6
IMG_5396.JPG,528.74,2.07,0.99,0.65,0.81,0.98,6
IMG_5406.JPG,686.38,2.69,0.99,0.57,0.76,0.97,6
IMG_5428.JPG,467.98,1.84,0.99,0.67,0.82,0.98,6
IMG_5462.JPG,582.93,2.29,0.99,0.61,0.78,0.98,6
IMG_5482.JPG,653.53,2.56,0.99,0.64,0.8,0.97,6
IMG_5493.JPG,599.35,2.35,0.99,0.61,0.78,0.98,6
IMG_5503.JPG,543.52,2.13,0.99,0.65,0.81,0.98,6
IMG_5513.JPG,651.89,2.56,0.99,0.6,0.77,0.97,6
IMG_5523.JPG,742.2,2.91,0.99,0.55,0.74,0.97,6
IMG_5533.JPG,663.39,2.6,0.99,0.57,0.76,0.98,6
IMG_5543.JPG,489.33,1.92,0.99,0.64,0.8,0.98,6
IMG_5558.JPG,507.39,1.99,0.99,0.65,0.8,0.98,6
IMG_5568.JPG,594.42,2.33,0.99,0.66,0.81,0.97,6
IMG_5578.JPG,622.34,2.44,0.99,0.59,0.77,0.98,6
IMG_5588.JPG,699.51,2.74,0.99,0.58,0.76,0.97,6
IMG_5598.JPG,658.46,2.58,0.99,0.59,0.77,0.98,6
IMG_5611.JPG,692.94,2.72,0.99,0.6,0.78,0.97,6
IMG_5621.JPG,628.9,2.47,0.99,0.64,0.8,0.97,6
IMG_5631.JPG,655.18,2.57,0.99,0.65,0.8,0.97,6
IMG_5641.JPG,586.21,2.3,0.99,0.62,0.79,0.98,6
IMG_5651.JPG,635.47,2.49,0.99,0.66,0.81,0.97,6
IMG_5661.JPG,607.56,2.38,0.99,0.62,0.79,0.97,6
IMG_5671.JPG,559.94,2.2,0.99,0.62,0.79,0.98,6
IMG_5681.JPG,678.16,2.66,0.99,0.62,0.78,0.97,6
IMG_5701.JPG,403.94,1.58,0.99,0.68,0.83,0.98,6
IMG_5711.JPG,638.76,2.5,0.99,0.63,0.8,0.97,6
IMG_5722.JPG,444.99,1.75,0.99,0.64,0.8,0.98,6
IMG_5732.JPG,555.01,2.18,0.99,0.65,0.81,0.98,6
IMG_5742.JPG,578.0,2.27,0.99,0.63,0.79,0.98,6
IMG_5752.JPG,520.53,2.04,0.99,0.63,0.79,0.98,6
IMG_5762.JPG,553.37,2.17,0.99,0.68,0.82,0.97,6
IMG_5772.JPG,646.97,2.54,0.99,0.62,0.79,0.97,6
IMG_5782.JPG,515.6,2.02,0.99,0.68,0.82,0.97,6
IMG_5792.JPG,625.62,2.45,0.99,0.63,0.79,0.97,6
IMG_5812.JPG,471.27,1.85,0.99,0.71,0.84,0.97,6
IMG_5822.JPG,533.66,2.09,0.99,0.62,0.79,0.98,6
IMG_5853.JPG,663.39,2.6,0.99,0.59,0.77,0.97,6
IMG_5873.JPG,656.82,2.58,0.99,0.63,0.79,0.97,6
IMG_5883.JPG,550.09,2.16,0.99,0.68,0.82,0.97,6
IMG_5893.JPG,579.64,2.27,0.99,0.62,0.79,0.98,6
IMG_5903.JPG,604.27,2.37,0.99,0.63,0.79,0.97,6
IMG_5914.JPG,546.8,2.14,0.99,0.63,0.8,0.98,6
IMG_5924.JPG,619.05,2.43,0.99,0.63,0.8,0.97,6
IMG_5934.JPG,509.03,2.0,0.99,0.64,0.8,0.98,6
IMG_5946.JPG,512.32,2.01,0.99,0.7,0.84,0.97,6
IMG_5956.JPG,574.72,2.25,0.99,0.63,0.8,0.98,6
IMG_5977.JPG,612.48,2.4,0.99,0.64,0.8,0.97,6
IMG_5987.JPG,615.77,2.41,0.99,0.6,0.78,0.98,6
IMG_5997.JPG,569.79,2.23,0.99,0.64,0.8,0.97,6
IMG_1125.JPG,528.74,2.07,0.99,0.76,0.87,0.97,7
IMG_1135.JPG,533.66,2.09,0.99,0.71,0.84,0.97,7
IMG_1145.JPG,594.42,2.33,0.99,0.67,0.82,0.97,7
IMG_1165.JPG,617.41,2.42,0.99,0.68,0.82,0.97,7
IMG_1176.JPG,628.9,2.47,0.99,0.66,0.81,0.97,7
IMG_1186.JPG,551.73,2.16,0.99,0.7,0.83,0.97,7
IMG_1206.JPG,571.43,2.24,0.99,0.68,0.83,0.97,7
IMG_1216.JPG,536.95,2.11,0.99,0.74,0.86,0.97,7
IMG_1226.JPG,576.36,2.26,0.99,0.71,0.84,0.97,7
IMG_1257.JPG,635.47,2.49,0.99,0.7,0.84,0.97,7
IMG_1267.JPG,574.72,2.25,0.99,0.72,0.85,0.97,7
IMG_1277.JPG,594.42,2.33,0.99,0.7,0.84,0.97,7
IMG_1287.JPG,510.68,2.0,0.99,0.7,0.84,0.97,7
IMG_1298.JPG,607.56,2.38,0.99,0.7,0.84,0.97,7
IMG_1309.JPG,712.65,2.79,0.99,0.68,0.83,0.96,7
IMG_1319.JPG,484.4,1.9,0.99,0.7,0.84,0.97,7
IMG_1329.JPG,599.35,2.35,0.99,0.68,0.83,0.97,7
IMG_4046.JPG,576.36,2.26,0.99,0.63,0.79,0.98,7
IMG_4056.JPG,600.99,2.36,0.99,0.65,0.8,0.97,7
IMG_4076.JPG,576.36,2.26,0.99,0.67,0.82,0.97,7
IMG_4086.JPG,569.79,2.23,0.99,0.63,0.79,0.98,7
IMG_4126.JPG,591.14,2.32,0.99,0.65,0.8,0.97,7
IMG_4136.JPG,605.91,2.38,0.99,0.63,0.79,0.97,7
IMG_4146.JPG,477.84,1.87,0.99,0.72,0.85,0.97,7
IMG_4166.JPG,551.73,2.16,0.99,0.66,0.81,0.97,7
IMG_4178.JPG,574.72,2.25,0.99,0.64,0.8,0.98,7
IMG_4188.JPG,591.14,2.32,0.99,0.66,0.81,0.97,7
IMG_4200.JPG,568.15,2.23,0.99,0.65,0.81,0.97,7
IMG_4210.JPG,614.12,2.41,0.99,0.63,0.79,0.97,7
IMG_4220.JPG,648.61,2.54,0.99,0.63,0.79,0.97,7
IMG_4230.JPG,628.9,2.47,0.99,0.6,0.77,0.98,7
IMG_4251.JPG,528.74,2.07,0.99,0.71,0.84,0.97,7
IMG_4262.JPG,555.01,2.18,0.99,0.68,0.82,0.97,7
IMG_4273.JPG,630.55,2.47,0.99,0.66,0.81,0.97,7
IMG_4283.JPG,568.15,2.23,0.99,0.68,0.82,0.97,7
IMG_4293.JPG,596.06,2.34,0.99,0.64,0.8,0.97,7
IMG_4303.JPG,635.47,2.49,0.99,0.67,0.82,0.97,7
IMG_4313.JPG,571.43,2.24,0.99,0.71,0.84,0.97,7
IMG_4324.JPG,594.42,2.33,0.99,0.72,0.85,0.97,7
IMG_4355.JPG,541.88,2.12,0.99,0.65,0.81,0.98,7
IMG_4366.JPG,561.58,2.2,0.99,0.67,0.82,0.97,7
IMG_4388.JPG,563.22,2.21,0.99,0.71,0.84,0.97,7
IMG_4420.JPG,625.62,2.45,0.99,0.62,0.79,0.97,7
IMG_4431.JPG,545.16,2.14,0.99,0.61,0.78,0.98,7
IMG_4453.JPG,640.4,2.51,0.99,0.56,0.75,0.98,7
IMG_4463.JPG,610.84,2.4,0.99,0.59,0.77,0.98,7
IMG_4473.JPG,553.37,2.17,0.99,0.62,0.79,0.98,7
IMG_4483.JPG,665.03,2.61,0.99,0.61,0.78,0.97,7
IMG_4493.JPG,612.48,2.4,0.99,0.64,0.8,0.97,7
IMG_4540.JPG,679.81,2.67,0.99,0.59,0.77,0.97,7
IMG_4551.JPG,573.07,2.25,0.99,0.62,0.79,0.98,7
IMG_4561.JPG,689.66,2.7,0.99,0.59,0.77,0.97,7
IMG_4571.JPG,711.01,2.79,0.99,0.59,0.77,0.97,7
IMG_4581.JPG,640.4,2.51,0.99,0.62,0.79,0.97,7
IMG_4591.JPG,617.41,2.42,0.99,0.58,0.76,0.98,7
IMG_4601.JPG,660.1,2.59,0.99,0.58,0.76,0.98,7
IMG_4611.JPG,564.86,2.22,0.99,0.62,0.79,0.98,7
IMG_4621.JPG,599.35,2.35,0.99,0.61,0.78,0.98,7
IMG_4631.JPG,642.04,2.52,0.99,0.62,0.79,0.97,7
IMG_4641.JPG,686.38,2.69,0.99,0.58,0.76,0.97,7
IMG_4671.JPG,696.23,2.73,0.99,0.59,0.77,0.97,7
IMG_4681.JPG,665.03,2.61,0.99,0.6,0.77,0.97,7
IMG_4691.JPG,620.69,2.43,0.99,0.59,0.77,0.98,7
IMG_4701.JPG,614.12,2.41,0.99,0.64,0.8,0.97,7
IMG_4712.JPG,545.16,2.14,0.99,0.7,0.84,0.97,7
IMG_4722.JPG,683.09,2.68,0.99,0.55,0.74,0.98,7
IMG_4732.JPG,715.93,2.81,0.99,0.57,0.76,0.97,7
IMG_4742.JPG,673.24,2.64,0.99,0.59,0.77,0.97,7
IMG_4752.JPG,581.28,2.28,0.99,0.68,0.83,0.97,7
IMG_4762.JPG,609.2,2.39,0.99,0.6,0.78,0.98,7
IMG_4783.JPG,622.34,2.44,0.99,0.62,0.79,0.97,7
IMG_4793.JPG,550.09,2.16,0.99,0.64,0.8,0.98,7
IMG_4813.JPG,699.51,2.74,0.99,0.59,0.77,0.97,7
IMG_4823.JPG,543.52,2.13,0.99,0.69,0.83,0.97,7
IMG_4833.JPG,540.23,2.12,0.99,0.64,0.8,0.98,7
IMG_4843.JPG,520.53,2.04,0.99,0.68,0.83,0.97,7
IMG_4853.JPG,587.85,2.31,0.99,0.65,0.81,0.97,7
IMG_4863.JPG,581.28,2.28,0.99,0.67,0.82,0.97,7
IMG_4873.JPG,581.28,2.28,0.99,0.64,0.8,0.97,7
IMG_4893.JPG,596.06,2.34,0.99,0.61,0.78,0.98,7
IMG_4903.JPG,517.24,2.03,0.99,0.67,0.82,0.98,7
IMG_4913.JPG,633.83,2.49,0.99,0.6,0.77,0.98,7
IMG_4923.JPG,591.14,2.32,0.99,0.67,0.82,0.97,7
IMG_4933.JPG,620.69,2.43,0.99,0.64,0.8,0.97,7
IMG_4943.JPG,568.15,2.23,0.99,0.68,0.82,0.97,7
IMG_4952.JPG,614.12,2.41,0.99,0.63,0.79,0.97,7
IMG_4983.JPG,620.69,2.43,0.99,0.61,0.78,0.98,7
IMG_4993.JPG,589.49,2.31,0.99,0.66,0.81,0.97,7
IMG_5004.JPG,556.65,2.18,0.99,0.66,0.81,0.97,7
IMG_5014.JPG,492.61,1.93,0.99,0.7,0.84,0.97,7
IMG_5024.JPG,594.42,2.33,0.99,0.65,0.81,0.97,7
IMG_5038.JPG,541.88,2.12,0.99,0.68,0.82,0.97,7
IMG_5050.JPG,561.58,2.2,0.99,0.65,0.81,0.97,7
IMG_5060.JPG,545.16,2.14,0.99,0.65,0.81,0.98,7
IMG_5070.JPG,587.85,2.31,0.99,0.69,0.83,0.97,7
IMG_5118.JPG,520.53,2.04,0.99,0.59,0.77,0.98,7
IMG_5129.JPG,594.42,2.33,0.99,0.61,0.78,0.98,7
IMG_5139.JPG,660.1,2.59,0.99,0.6,0.77,0.97,7
IMG_5149.JPG,617.41,2.42,0.99,0.62,0.79,0.97,7
IMG_5160.JPG,640.4,2.51,0.99,0.61,0.78,0.97,7
IMG_5170.JPG,558.3,2.19,0.99,0.61,0.78,0.98,7
IMG_5180.JPG,730.71,2.87,0.99,0.56,0.75,0.97,7
IMG_5190.JPG,651.89,2.56,0.99,0.61,0.78,0.97,7
IMG_5200.JPG,619.05,2.43,0.99,0.63,0.79,0.97,7
IMG_5210.JPG,586.21,2.3,0.99,0.61,0.78,0.98,7
IMG_5220.JPG,633.83,2.49,0.99,0.6,0.78,0.97,7
IMG_5230.JPG,610.84,2.4,0.99,0.6,0.77,0.98,7
IMG_5241.JPG,605.91,2.38,0.99,0.67,0.82,0.97,7
IMG_5263.JPG,691.3,2.71,0.99,0.55,0.74,0.98,7
IMG_5273.JPG,522.17,2.05,0.99,0.63,0.79,0.98,7
IMG_5283.JPG,656.82,2.58,0.99,0.56,0.75,0.98,7
IMG_5294.JPG,528.74,2.07,0.99,0.66,0.81,0.98,7
IMG_5305.JPG,658.46,2.58,0.99,0.63,0.79,0.97,7
IMG_5315.JPG,600.99,2.36,0.99,0.61,0.78,0.98,7
IMG_5336.JPG,538.59,2.11,0.99,0.7,0.84,0.97,7
IMG_5347.JPG,564.86,2.22,0.99,0.62,0.78,0.98,7
IMG_5357.JPG,589.49,2.31,0.99,0.64,0.8,0.97,7
IMG_5367.JPG,589.49,2.31,0.99,0.66,0.82,0.97,7
IMG_5377.JPG,605.91,2.38,0.99,0.65,0.81,0.97,7
IMG_5387.JPG,589.49,2.31,0.99,0.62,0.79,0.98,7
IMG_5397.JPG,518.89,2.03,0.99,0.64,0.8,0.98,7
IMG_5409.JPG,612.48,2.4,0.99,0.62,0.79,0.97,7
IMG_5419.JPG,627.26,2.46,0.99,0.61,0.78,0.97,7
IMG_5463.JPG,594.42,2.33,0.99,0.61,0.78,0.98,7
IMG_5473.JPG,622.34,2.44,0.99,0.6,0.77,0.98,7
IMG_5483.JPG,615.77,2.41,0.99,0.65,0.81,0.97,7
IMG_5504.JPG,643.68,2.52,0.99,0.67,0.82,0.97,7
IMG_5514.JPG,671.6,2.63,0.99,0.61,0.78,0.97,7
IMG_5524.JPG,707.72,2.78,0.99,0.55,0.74,0.98,7
IMG_5534.JPG,646.97,2.54,0.99,0.59,0.77,0.98,7
IMG_5544.JPG,573.07,2.25,0.99,0.64,0.8,0.97,7
IMG_5559.JPG,604.27,2.37,0.99,0.63,0.79,0.97,7
IMG_5569.JPG,615.77,2.41,0.99,0.64,0.8,0.97,7
IMG_5579.JPG,635.47,2.49,0.99,0.58,0.76,0.98,7
IMG_5589.JPG,673.24,2.64,0.99,0.59,0.77,0.97,7
IMG_5599.JPG,668.31,2.62,0.99,0.57,0.76,0.98,7
IMG_5612.JPG,688.02,2.7,0.99,0.61,0.78,0.97,7
IMG_5632.JPG,564.86,2.22,0.99,0.67,0.82,0.97,7
IMG_5642.JPG,586.21,2.3,0.99,0.65,0.81,0.97,7
IMG_5652.JPG,592.78,2.32,0.99,0.66,0.81,0.97,7
IMG_5662.JPG,553.37,2.17,0.99,0.63,0.79,0.98,7
IMG_5672.JPG,722.5,2.83,0.99,0.61,0.78,0.97,7
IMG_5682.JPG,715.93,2.81,0.99,0.6,0.78,0.97,7
IMG_5692.JPG,592.78,2.32,0.99,0.62,0.79,0.98,7
IMG_5702.JPG,530.38,2.08,0.99,0.64,0.8,0.98,7
IMG_5712.JPG,566.51,2.22,0.99,0.65,0.81,0.97,7
IMG_5723.JPG,532.02,2.09,0.99,0.62,0.78,0.98,7
IMG_5733.JPG,525.45,2.06,0.99,0.64,0.8,0.98,7
IMG_5743.JPG,628.9,2.47,0.99,0.6,0.77,0.98,7
IMG_5753.JPG,556.65,2.18,0.99,0.62,0.79,0.98,7
IMG_5763.JPG,540.23,2.12,0.99,0.67,0.82,0.97,7
IMG_5773.JPG,607.56,2.38,0.99,0.63,0.8,0.97,7
IMG_5783.JPG,530.38,2.08,0.99,0.68,0.83,0.97,7
IMG_5803.JPG,586.21,2.3,0.99,0.64,0.8,0.97,7
IMG_5823.JPG,564.86,2.22,0.99,0.61,0.78,0.98,7
IMG_5833.JPG,582.93,2.29,0.99,0.66,0.81,0.97,7
IMG_5844.JPG,576.36,2.26,0.99,0.65,0.8,0.97,7
IMG_5854.JPG,619.05,2.43,0.99,0.59,0.77,0.98,7
IMG_5874.JPG,22.16,0.09,1.0,0.63,0.79,1.0,7
IMG_5884.JPG,497.54,1.95,0.99,0.67,0.82,0.98,7
IMG_5894.JPG,643.68,2.52,0.99,0.61,0.78,0.97,7
IMG_5904.JPG,615.77,2.41,0.99,0.63,0.79,0.97,7
IMG_5915.JPG,635.47,2.49,0.99,0.61,0.78,0.97,7
IMG_5925.JPG,573.07,2.25,0.99,0.63,0.79,0.98,7
IMG_5935.JPG,31.95,0.13,1.0,0.62,0.78,1.0,7
IMG_5947.JPG,517.24,2.03,0.99,0.67,0.82,0.98,7
IMG_5957.JPG,558.3,2.19,0.99,0.65,0.8,0.98,7
IMG_5967.JPG,564.86,2.22,0.99,0.66,0.81,0.97,7
IMG_5978.JPG,31.38,0.12,1.0,0.63,0.79,1.0,7
IMG_5988.JPG,699.51,2.74,0.99,0.59,0.77,0.97,7
IMG_5998.JPG,605.91,2.38,0.99,0.64,0.8,0.97,7
IMG_1126.JPG,518.89,2.03,0.99,0.75,0.86,0.97,8
IMG_1136.JPG,548.44,2.15,0.99,0.69,0.83,0.97,8
IMG_1146.JPG,589.49,2.31,0.99,0.65,0.8,0.97,8
IMG_1156.JPG,604.27,2.37,0.99,0.63,0.8,0.97,8
IMG_1166.JPG,555.01,2.18,0.99,0.68,0.82,0.97,8
IMG_1177.JPG,522.17,2.05,0.99,0.68,0.82,0.97,8
IMG_1187.JPG,556.65,2.18,0.99,0.69,0.83,0.97,8
IMG_1197.JPG,555.01,2.18,0.99,0.64,0.8,0.98,8
IMG_1227.JPG,571.43,2.24,0.99,0.69,0.83,0.97,8
IMG_1237.JPG,520.53,2.04,0.99,0.7,0.84,0.97,8
IMG_1247.JPG,571.43,2.24,0.99,0.67,0.82,0.97,8
IMG_1258.JPG,602.63,2.36,0.99,0.72,0.85,0.97,8
IMG_1278.JPG,559.94,2.2,0.99,0.7,0.84,0.97,8
IMG_1288.JPG,499.18,1.96,0.99,0.7,0.84,0.97,8
IMG_1299.JPG,558.3,2.19,0.99,0.7,0.84,0.97,8
IMG_1320.JPG,543.52,2.13,0.99,0.68,0.82,0.97,8
IMG_1330.JPG,602.63,2.36,0.99,0.68,0.83,0.97,8
IMG_4057.JPG,614.12,2.41,0.99,0.63,0.8,0.97,8
IMG_4067.JPG,561.58,2.2,0.99,0.65,0.81,0.97,8
IMG_4087.JPG,602.63,2.36,0.99,0.58,0.76,0.98,8
IMG_4097.JPG,587.85,2.31,0.99,0.66,0.81,0.97,8
IMG_4107.JPG,550.09,2.16,0.99,0.64,0.8,0.98,8
IMG_4117.JPG,597.7,2.34,0.99,0.66,0.81,0.97,8
IMG_4127.JPG,461.41,1.81,0.99,0.7,0.84,0.98,8
IMG_4137.JPG,679.81,2.67,0.99,0.59,0.77,0.97,8
IMG_4157.JPG,591.14,2.32,0.99,0.65,0.81,0.97,8
IMG_4167.JPG,578.0,2.27,0.99,0.65,0.81,0.97,8
IMG_4179.JPG,551.73,2.16,0.99,0.65,0.81,0.98,8
IMG_4189.JPG,556.65,2.18,0.99,0.65,0.81,0.98,8
IMG_4211.JPG,555.01,2.18,0.99,0.67,0.82,0.97,8
IMG_4221.JPG,668.31,2.62,0.99,0.64,0.8,0.97,8
IMG_4231.JPG,638.76,2.5,0.99,0.57,0.76,0.98,8
IMG_4241.JPG,586.21,2.3,0.99,0.71,0.84,0.97,8
IMG_4264.JPG,487.69,1.91,0.99,0.69,0.83,0.98,8
IMG_4274.JPG,474.55,1.86,0.99,0.68,0.82,0.98,8
IMG_4284.JPG,536.95,2.11,0.99,0.68,0.83,0.97,8
IMG_4294.JPG,623.98,2.45,0.99,0.63,0.79,0.97,8
IMG_4304.JPG,571.43,2.24,0.99,0.69,0.83,0.97,8
IMG_4314.JPG,546.8,2.14,0.99,0.69,0.83,0.97,8
IMG_4325.JPG,461.41,1.81,0.99,0.71,0.84,0.97,8
IMG_4336.JPG,527.1,2.07,0.99,0.68,0.82,0.97,8
IMG_4346.JPG,469.62,1.84,0.99,0.68,0.82,0.98,8
IMG_4356.JPG,564.86,2.22,0.99,0.62,0.79,0.98,8
IMG_4367.JPG,568.15,2.23,0.99,0.68,0.82,0.97,8
IMG_4378.JPG,515.6,2.02,0.99,0.74,0.86,0.97,8
IMG_4389.JPG,630.55,2.47,0.99,0.66,0.82,0.97,8
IMG_4399.JPG,599.35,2.35,0.99,0.62,0.79,0.98,8
IMG_4411.JPG,720.86,2.83,0.99,0.56,0.75,0.97,8
IMG_4421.JPG,683.09,2.68,0.99,0.58,0.76,0.97,8
IMG_4432.JPG,558.3,2.19,0.99,0.6,0.77,0.98,8
IMG_4444.JPG,646.97,2.54,0.99,0.56,0.75,0.98,8
IMG_4454.JPG,520.53,2.04,0.99,0.54,0.74,0.98,8
IMG_4474.JPG,614.12,2.41,0.99,0.61,0.78,0.98,8
IMG_4484.JPG,617.41,2.42,0.99,0.61,0.78,0.98,8
IMG_4494.JPG,522.17,2.05,0.99,0.63,0.79,0.98,8
IMG_4504.JPG,440.07,1.73,0.99,0.68,0.82,0.98,8
IMG_4514.JPG,579.64,2.27,0.99,0.65,0.81,0.97,8
IMG_4552.JPG,505.75,1.98,0.99,0.65,0.81,0.98,8
IMG_4562.JPG,683.09,2.68,0.99,0.56,0.75,0.98,8
IMG_4572.JPG,646.97,2.54,0.99,0.58,0.76,0.98,8
IMG_4583.JPG,650.25,2.55,0.99,0.59,0.77,0.97,8
IMG_4602.JPG,653.53,2.56,0.99,0.56,0.75,0.98,8
IMG_4612.JPG,638.76,2.5,0.99,0.57,0.76,0.98,8
IMG_4622.JPG,559.94,2.2,0.99,0.62,0.79,0.98,8
IMG_4632.JPG,637.11,2.5,0.99,0.59,0.77,0.98,8
IMG_4642.JPG,714.29,2.8,0.99,0.57,0.75,0.97,8
IMG_4652.JPG,605.91,2.38,0.99,0.62,0.79,0.97,8
IMG_4682.JPG,699.51,2.74,0.99,0.58,0.76,0.97,8
IMG_4692.JPG,568.15,2.23,0.99,0.59,0.76,0.98,8
IMG_4702.JPG,582.93,2.29,0.99,0.62,0.79,0.98,8
IMG_4713.JPG,574.72,2.25,0.99,0.69,0.83,0.97,8
IMG_4723.JPG,633.83,2.49,0.99,0.56,0.75,0.98,8
IMG_4733.JPG,651.89,2.56,0.99,0.59,0.77,0.97,8
IMG_4743.JPG,635.47,2.49,0.99,0.61,0.78,0.97,8
IMG_4753.JPG,589.49,2.31,0.99,0.59,0.77,0.98,8
IMG_4763.JPG,586.21,2.3,0.99,0.59,0.77,0.98,8
IMG_4774.JPG,597.7,2.34,0.99,0.62,0.79,0.98,8
IMG_4784.JPG,646.97,2.54,0.99,0.59,0.76,0.98,8
IMG_4794.JPG,597.7,2.34,0.99,0.59,0.77,0.98,8
IMG_4814.JPG,609.2,2.39,0.99,0.64,0.8,0.97,8
IMG_4834.JPG,605.91,2.38,0.99,0.62,0.78,0.98,8
IMG_4844.JPG,568.15,2.23,0.99,0.62,0.79,0.98,8
IMG_4854.JPG,635.47,2.49,0.99,0.62,0.79,0.97,8
IMG_4864.JPG,550.09,2.16,0.99,0.65,0.81,0.97,8
IMG_4874.JPG,586.21,2.3,0.99,0.63,0.8,0.97,8
IMG_4884.JPG,786.54,3.08,0.99,0.59,0.77,0.97,8
IMG_4894.JPG,581.28,2.28,0.99,0.62,0.79,0.98,8
IMG_4904.JPG,566.51,2.22,0.99,0.66,0.81,0.97,8
IMG_4924.JPG,648.61,2.54,0.99,0.59,0.77,0.98,8
IMG_4934.JPG,597.7,2.34,0.99,0.63,0.79,0.97,8
IMG_4954.JPG,589.49,2.31,0.99,0.65,0.8,0.97,8
IMG_4974.JPG,569.79,2.23,0.99,0.66,0.81,0.97,8
IMG_4984.JPG,502.47,1.97,0.99,0.67,0.82,0.98,8
IMG_4994.JPG,594.42,2.33,0.99,0.62,0.79,0.98,8
IMG_5005.JPG,489.33,1.92,0.99,0.63,0.79,0.98,8
IMG_5015.JPG,520.53,2.04,0.99,0.67,0.82,0.98,8
IMG_5025.JPG,573.07,2.25,0.99,0.64,0.8,0.97,8
IMG_5039.JPG,543.52,2.13,0.99,0.66,0.81,0.97,8
IMG_5051.JPG,497.54,1.95,0.99,0.65,0.81,0.98,8
IMG_5061.JPG,543.52,2.13,0.99,0.59,0.77,0.98,8
IMG_5072.JPG,573.07,2.25,0.99,0.64,0.8,0.97,8
IMG_5083.JPG,579.64,2.27,0.99,0.62,0.79,0.98,8
IMG_5099.JPG,612.48,2.4,0.99,0.62,0.79,0.97,8
IMG_5109.JPG,625.62,2.45,0.99,0.63,0.8,0.97,8
IMG_5119.JPG,459.77,1.8,0.99,0.6,0.78,0.98,8
IMG_5130.JPG,490.97,1.93,0.99,0.64,0.8,0.98,8
IMG_5140.JPG,640.4,2.51,0.99,0.62,0.79,0.97,8
IMG_5150.JPG,500.82,1.96,0.99,0.64,0.8,0.98,8
IMG_5161.JPG,617.41,2.42,0.99,0.62,0.78,0.97,8
IMG_5171.JPG,568.15,2.23,0.99,0.59,0.77,0.98,8
IMG_5181.JPG,655.18,2.57,0.99,0.59,0.77,0.97,8
IMG_5191.JPG,696.23,2.73,0.99,0.59,0.77,0.97,8
IMG_5201.JPG,630.55,2.47,0.99,0.63,0.79,0.97,8
IMG_5211.JPG,594.42,2.33,0.99,0.63,0.8,0.97,8
IMG_5221.JPG,628.9,2.47,0.99,0.61,0.78,0.97,8
IMG_5242.JPG,584.57,2.29,0.99,0.66,0.81,0.97,8
IMG_5253.JPG,592.78,2.32,0.99,0.62,0.79,0.98,8
IMG_5274.JPG,605.91,2.38,0.99,0.62,0.79,0.97,8
IMG_5284.JPG,651.89,2.56,0.99,0.54,0.74,0.98,8
IMG_5306.JPG,623.98,2.45,0.99,0.62,0.79,0.97,8
IMG_5316.JPG,581.28,2.28,0.99,0.6,0.78,0.98,8
IMG_5337.JPG,573.07,2.25,0.99,0.63,0.79,0.98,8
IMG_5348.JPG,594.42,2.33,0.99,0.63,0.79,0.98,8
IMG_5358.JPG,578.0,2.27,0.99,0.63,0.79,0.98,8
IMG_5378.JPG,604.27,2.37,0.99,0.63,0.8,0.97,8
IMG_5388.JPG,599.35,2.35,0.99,0.6,0.78,0.98,8
IMG_5398.JPG,513.96,2.02,0.99,0.65,0.81,0.98,8
IMG_5410.JPG,661.74,2.6,0.99,0.61,0.78,0.97,8
IMG_5420.JPG,643.68,2.52,0.99,0.59,0.77,0.98,8
IMG_5430.JPG,535.31,2.1,0.99,0.64,0.8,0.98,8
IMG_5454.JPG,623.98,2.45,0.99,0.63,0.79,0.97,8
IMG_5474.JPG,663.39,2.6,0.99,0.56,0.75,0.98,8
IMG_5484.JPG,619.05,2.43,0.99,0.65,0.81,0.97,8
IMG_5505.JPG,592.78,2.32,0.99,0.66,0.81,0.97,8
IMG_5515.JPG,630.55,2.47,0.99,0.64,0.8,0.97,8
IMG_5525.JPG,712.65,2.79,0.99,0.53,0.73,0.98,8
IMG_5535.JPG,699.51,2.74,0.99,0.53,0.73,0.98,8
IMG_5545.JPG,594.42,2.33,0.99,0.61,0.78,0.98,8
IMG_5560.JPG,581.28,2.28,0.99,0.63,0.79,0.98,8
IMG_5570.JPG,561.58,2.2,0.99,0.66,0.81,0.97,8
IMG_5580.JPG,594.42,2.33,0.99,0.59,0.77,0.98,8
IMG_5590.JPG,612.48,2.4,0.99,0.64,0.8,0.97,8
IMG_5600.JPG,622.34,2.44,0.99,0.6,0.78,0.98,8
IMG_5613.JPG,651.89,2.56,0.99,0.57,0.75,0.98,8
IMG_5623.JPG,640.4,2.51,0.99,0.63,0.79,0.97,8
IMG_5633.JPG,548.44,2.15,0.99,0.67,0.82,0.97,8
IMG_5643.JPG,568.15,2.23,0.99,0.64,0.8,0.98,8
IMG_5653.JPG,559.94,2.2,0.99,0.62,0.79,0.98,8
IMG_5663.JPG,632.19,2.48,0.99,0.6,0.78,0.97,8
IMG_5683.JPG,725.78,2.85,0.99,0.57,0.75,0.97,8
IMG_5693.JPG,587.85,2.31,0.99,0.6,0.77,0.98,8
IMG_5703.JPG,510.68,2.0,0.99,0.61,0.78,0.98,8
IMG_5713.JPG,566.51,2.22,0.99,0.63,0.79,0.98,8
IMG_5724.JPG,538.59,2.11,0.99,0.6,0.77,0.98,8
IMG_5734.JPG,566.51,2.22,0.99,0.62,0.79,0.98,8
IMG_5744.JPG,632.19,2.48,0.99,0.59,0.77,0.98,8
IMG_5764.JPG,540.23,2.12,0.99,0.66,0.82,0.97,8
IMG_5774.JPG,584.57,2.29,0.99,0.61,0.78,0.98,8
IMG_5784.JPG,520.53,2.04,0.99,0.67,0.82,0.97,8
IMG_5794.JPG,530.38,2.08,0.99,0.65,0.81,0.98,8
IMG_5804.JPG,545.16,2.14,0.99,0.64,0.8,0.98,8
IMG_5814.JPG,509.03,2.0,0.99,0.66,0.82,0.98,8
IMG_5824.JPG,559.94,2.2,0.99,0.6,0.77,0.98,8
IMG_5855.JPG,637.11,2.5,0.99,0.56,0.75,0.98,8
IMG_5865.JPG,610.84,2.4,0.99,0.62,0.79,0.97,8
IMG_5875.JPG,628.9,2.47,0.99,0.64,0.8,0.97,8
IMG_5885.JPG,555.01,2.18,0.99,0.65,0.81,0.98,8
IMG_5916.JPG,632.19,2.48,0.99,0.59,0.77,0.98,8
IMG_5926.JPG,605.91,2.38,0.99,0.63,0.79,0.97,8
IMG_5936.JPG,569.79,2.23,0.99,0.64,0.8,0.98,8
IMG_5970.JPG,548.44,2.15,0.99,0.67,0.82,0.97,8
IMG_5979.JPG,628.9,2.47,0.99,0.64,0.8,0.97,8
IMG_5999.JPG,545.16,2.14,0.99,0.65,0.81,0.98,8
IMG_1127.JPG,507.39,1.99,0.99,0.74,0.86,0.97,9
IMG_1137.JPG,587.85,2.31,0.99,0.66,0.81,0.97,9
IMG_1147.JPG,597.7,2.34,0.99,0.65,0.81,0.97,9
IMG_1157.JPG,599.35,2.35,0.99,0.61,0.78,0.98,9
IMG_1168.JPG,669.95,2.63,0.99,0.65,0.8,0.97,9
IMG_1178.JPG,541.88,2.12,0.99,0.65,0.81,0.98,9
IMG_1188.JPG,543.52,2.13,0.99,0.68,0.83,0.97,9
IMG_1198.JPG,463.06,1.82,0.99,0.64,0.8,0.98,9
IMG_1208.JPG,576.36,2.26,0.99,0.68,0.82,0.97,9
IMG_1218.JPG,658.46,2.58,0.99,0.71,0.84,0.96,9
IMG_1228.JPG,676.52,2.65,0.99,0.67,0.82,0.97,9
IMG_1248.JPG,543.52,2.13,0.99,0.64,0.8,0.98,9
IMG_1259.JPG,622.34,2.44,0.99,0.69,0.83,0.97,9
IMG_1269.JPG,683.09,2.68,0.99,0.67,0.82,0.97,9
IMG_1300.JPG,619.05,2.43,0.99,0.65,0.81,0.97,9
IMG_1321.JPG,623.98,2.45,0.99,0.67,0.82,0.97,9
IMG_1331.JPG,663.39,2.6,0.99,0.67,0.82,0.97,9
IMG_4048.JPG,640.4,2.51,0.99,0.59,0.77,0.98,9
IMG_4058.JPG,694.59,2.72,0.99,0.61,0.78,0.97,9
IMG_4068.JPG,651.89,2.56,0.99,0.57,0.76,0.98,9
IMG_4078.JPG,584.57,2.29,0.99,0.65,0.8,0.97,9
IMG_4088.JPG,635.47,2.49,0.99,0.6,0.78,0.97,9
IMG_4098.JPG,640.4,2.51,0.99,0.62,0.79,0.97,9
IMG_4108.JPG,541.88,2.12,0.99,0.64,0.8,0.98,9
IMG_4118.JPG,605.91,2.38,0.99,0.63,0.8,0.97,9
IMG_4128.JPG,627.26,2.46,0.99,0.64,0.8,0.97,9
IMG_4138.JPG,495.9,1.94,0.99,0.6,0.78,0.98,9
IMG_4148.JPG,494.26,1.94,0.99,0.69,0.83,0.98,9
IMG_4169.JPG,643.68,2.52,0.99,0.62,0.79,0.97,9
IMG_4180.JPG,576.36,2.26,0.99,0.62,0.79,0.98,9
IMG_4190.JPG,550.09,2.16,0.99,0.63,0.79,0.98,9
IMG_4202.JPG,596.06,2.34,0.99,0.61,0.78,0.98,9
IMG_4212.JPG,551.73,2.16,0.99,0.64,0.8,0.98,9
IMG_4232.JPG,701.15,2.75,0.99,0.55,0.74,0.98,9
IMG_4242.JPG,558.3,2.19,0.99,0.7,0.84,0.97,9
IMG_4253.JPG,538.59,2.11,0.99,0.69,0.83,0.97,9
IMG_4265.JPG,479.48,1.88,0.99,0.67,0.82,0.98,9
IMG_4275.JPG,490.97,1.93,0.99,0.65,0.81,0.98,9
IMG_4285.JPG,609.2,2.39,0.99,0.66,0.81,0.97,9
IMG_4295.JPG,691.3,2.71,0.99,0.61,0.78,0.97,9
IMG_4305.JPG,697.87,2.74,0.99,0.64,0.8,0.97,9
IMG_4326.JPG,607.56,2.38,0.99,0.64,0.8,0.97,9
IMG_4337.JPG,578.0,2.27,0.99,0.64,0.8,0.97,9
IMG_4347.JPG,490.97,1.93,0.99,0.68,0.83,0.98,9
IMG_4368.JPG,510.68,2.0,0.99,0.73,0.85,0.97,9
IMG_4379.JPG,471.27,1.85,0.99,0.72,0.85,0.97,9
IMG_4400.JPG,627.26,2.46,0.99,0.59,0.77,0.98,9
IMG_4434.JPG,637.11,2.5,0.99,0.55,0.74,0.98,9
IMG_4445.JPG,692.94,2.72,0.99,0.56,0.75,0.97,9
IMG_4455.JPG,724.14,2.84,0.99,0.51,0.72,0.98,9
IMG_4465.JPG,513.96,2.02,0.99,0.54,0.73,0.98,9
IMG_4475.JPG,581.28,2.28,0.99,0.59,0.77,0.98,9
IMG_4485.JPG,665.03,2.61,0.99,0.6,0.77,0.97,9
IMG_4495.JPG,540.23,2.12,0.99,0.61,0.78,0.98,9
IMG_4505.JPG,412.15,1.62,0.99,0.62,0.79,0.98,9
IMG_4542.JPG,625.62,2.45,0.99,0.61,0.78,0.97,9
IMG_4553.JPG,527.1,2.07,0.99,0.63,0.79,0.98,9
IMG_4563.JPG,655.18,2.57,0.99,0.56,0.75,0.98,9
IMG_4573.JPG,623.98,2.45,0.99,0.58,0.76,0.98,9
IMG_4593.JPG,582.93,2.29,0.99,0.56,0.75,0.98,9
IMG_4613.JPG,738.92,2.9,0.99,0.56,0.75,0.97,9
IMG_4623.JPG,573.07,2.25,0.99,0.57,0.76,0.98,9
IMG_4633.JPG,699.51,2.74,0.99,0.53,0.73,0.98,9
IMG_4643.JPG,798.03,3.13,0.99,0.54,0.74,0.97,9
IMG_4683.JPG,673.24,2.64,0.99,0.58,0.76,0.97,9
IMG_4703.JPG,688.02,2.7,0.99,0.57,0.76,0.97,9
IMG_4714.JPG,632.19,2.48,0.99,0.66,0.81,0.97,9
IMG_4724.JPG,653.53,2.56,0.99,0.53,0.73,0.98,9
IMG_4744.JPG,646.97,2.54,0.99,0.57,0.76,0.98,9
IMG_4754.JPG,791.47,3.1,0.99,0.54,0.73,0.97,9
IMG_4775.JPG,727.43,2.85,0.99,0.58,0.76,0.97,9
IMG_4785.JPG,830.88,3.26,0.99,0.57,0.75,0.97,9
IMG_4795.JPG,600.99,2.36,0.99,0.6,0.78,0.98,9
IMG_4825.JPG,556.65,2.18,0.99,0.67,0.82,0.97,9
IMG_4835.JPG,681.45,2.67,0.99,0.6,0.77,0.97,9
IMG_4845.JPG,559.94,2.2,0.99,0.63,0.79,0.98,9
IMG_4855.JPG,666.67,2.61,0.99,0.61,0.78,0.97,9
IMG_4865.JPG,589.49,2.31,0.99,0.64,0.8,0.97,9
IMG_4875.JPG,625.62,2.45,0.99,0.62,0.79,0.97,9
IMG_4885.JPG,733.99,2.88,0.99,0.58,0.76,0.97,9
IMG_4895.JPG,758.62,2.97,0.99,0.54,0.73,0.97,9
IMG_4905.JPG,665.03,2.61,0.99,0.65,0.81,0.97,9
IMG_4925.JPG,581.28,2.28,0.99,0.62,0.79,0.98,9
IMG_4945.JPG,619.05,2.43,0.99,0.62,0.79,0.97,9
IMG_4955.JPG,523.81,2.05,0.99,0.65,0.8,0.98,9
IMG_4965.JPG,563.22,2.21,0.99,0.61,0.78,0.98,9
IMG_4975.JPG,533.66,2.09,0.99,0.66,0.81,0.98,9
IMG_4985.JPG,545.16,2.14,0.99,0.65,0.81,0.98,9
IMG_5016.JPG,604.27,2.37,0.99,0.66,0.81,0.97,9
IMG_5040.JPG,635.47,2.49,0.99,0.63,0.79,0.97,9
IMG_5052.JPG,487.69,1.91,0.99,0.66,0.81,0.98,9
IMG_5073.JPG,725.78,2.85,0.99,0.63,0.79,0.97,9
IMG_5084.JPG,724.14,2.84,0.99,0.58,0.76,0.97,9
IMG_5100.JPG,578.0,2.27,0.99,0.6,0.77,0.98,9
IMG_5110.JPG,645.32,2.53,0.99,0.61,0.78,0.97,9
IMG_5120.JPG,523.81,2.05,0.99,0.55,0.74,0.98,9
IMG_5131.JPG,479.48,1.88,0.99,0.58,0.76,0.98,9
IMG_5141.JPG,668.31,2.62,0.99,0.59,0.77,0.97,9
IMG_5151.JPG,592.78,2.32,0.99,0.59,0.77,0.98,9
IMG_5162.JPG,661.74,2.6,0.99,0.58,0.76,0.98,9
IMG_5172.JPG,558.3,2.19,0.99,0.57,0.76,0.98,9
IMG_5182.JPG,688.02,2.7,0.99,0.57,0.76,0.97,9
IMG_5192.JPG,715.93,2.81,0.99,0.55,0.74,0.98,9
IMG_5202.JPG,650.25,2.55,0.99,0.6,0.78,0.97,9
IMG_5212.JPG,738.92,2.9,0.99,0.56,0.75,0.97,9
IMG_5222.JPG,697.87,2.74,0.99,0.57,0.76,0.97,9
IMG_5233.JPG,688.02,2.7,0.99,0.59,0.77,0.97,9
IMG_5243.JPG,556.65,2.18,0.99,0.63,0.79,0.98,9
IMG_5254.JPG,642.04,2.52,0.99,0.58,0.76,0.98,9
IMG_5265.JPG,839.09,3.29,0.99,0.53,0.73,0.97,9
IMG_5275.JPG,686.38,2.69,0.99,0.58,0.76,0.97,9
IMG_5285.JPG,747.13,2.93,0.99,0.54,0.74,0.97,9
IMG_5296.JPG,584.57,2.29,0.99,0.62,0.79,0.98,9
IMG_5317.JPG,648.61,2.54,0.99,0.57,0.75,0.98,9
IMG_5327.JPG,602.63,2.36,0.99,0.58,0.76,0.98,9
IMG_5338.JPG,684.73,2.69,0.99,0.59,0.77,0.97,9
IMG_5359.JPG,591.14,2.32,0.99,0.59,0.77,0.98,9
IMG_5369.JPG,553.37,2.17,0.99,0.66,0.81,0.97,9
IMG_5379.JPG,658.46,2.58,0.99,0.58,0.76,0.98,9
IMG_5389.JPG,615.77,2.41,0.99,0.58,0.76,0.98,9
IMG_5399.JPG,607.56,2.38,0.99,0.64,0.8,0.97,9
IMG_5411.JPG,632.19,2.48,0.99,0.59,0.77,0.98,9
IMG_5421.JPG,719.22,2.82,0.99,0.53,0.73,0.98,9
IMG_5431.JPG,605.91,2.38,0.99,0.63,0.79,0.97,9
IMG_5455.JPG,650.25,2.55,0.99,0.6,0.78,0.97,9
IMG_5465.JPG,633.83,2.49,0.99,0.58,0.76,0.98,9
IMG_5475.JPG,717.57,2.81,0.99,0.56,0.75,0.97,9
IMG_5496.JPG,653.53,2.56,0.99,0.6,0.78,0.97,9
IMG_5506.JPG,763.55,2.99,0.99,0.61,0.78,0.97,9
IMG_5526.JPG,733.99,2.88,0.99,0.53,0.73,0.98,9
IMG_5536.JPG,648.61,2.54,0.99,0.58,0.76,0.98,9
IMG_5546.JPG,520.53,2.04,0.99,0.61,0.78,0.98,9
IMG_5561.JPG,653.53,2.56,0.99,0.6,0.77,0.97,9
IMG_5571.JPG,645.32,2.53,0.99,0.66,0.81,0.97,9
IMG_5581.JPG,597.7,2.34,0.99,0.59,0.77,0.98,9
IMG_5591.JPG,653.53,2.56,0.99,0.61,0.78,0.97,9
IMG_5601.JPG,666.67,2.61,0.99,0.59,0.77,0.97,9
IMG_5614.JPG,674.88,2.65,0.99,0.56,0.75,0.98,9
IMG_5624.JPG,689.66,2.7,0.99,0.61,0.78,0.97,9
IMG_5644.JPG,635.47,2.49,0.99,0.6,0.77,0.98,9
IMG_5654.JPG,666.67,2.61,0.99,0.59,0.77,0.97,9
IMG_5674.JPG,811.17,3.18,0.99,0.56,0.75,0.97,9
IMG_5684.JPG,755.34,2.96,0.99,0.55,0.74,0.97,9
IMG_5704.JPG,541.88,2.12,0.99,0.58,0.76,0.98,9
IMG_5714.JPG,527.1,2.07,0.99,0.6,0.78,0.98,9
IMG_5725.JPG,538.59,2.11,0.99,0.59,0.77,0.98,9
IMG_5735.JPG,615.77,2.41,0.99,0.58,0.76,0.98,9
IMG_5745.JPG,579.64,2.27,0.99,0.57,0.76,0.98,9
IMG_5755.JPG,609.2,2.39,0.99,0.61,0.78,0.98,9
IMG_5765.JPG,594.42,2.33,0.99,0.64,0.8,0.97,9
IMG_5775.JPG,569.79,2.23,0.99,0.58,0.76,0.98,9
IMG_5785.JPG,589.49,2.31,0.99,0.63,0.79,0.98,9
IMG_5795.JPG,512.32,2.01,0.99,0.61,0.78,0.98,9
IMG_5805.JPG,569.79,2.23,0.99,0.63,0.79,0.98,9
IMG_5825.JPG,683.09,2.68,0.99,0.56,0.75,0.98,9
IMG_5835.JPG,517.24,2.03,0.99,0.59,0.77,0.98,9
IMG_5846.JPG,594.42,2.33,0.99,0.64,0.8,0.97,9
IMG_5856.JPG,743.85,2.92,0.99,0.52,0.72,0.98,9
IMG_5866.JPG,605.91,2.38,0.99,0.62,0.78,0.98,9
IMG_5876.JPG,701.15,2.75,0.99,0.62,0.79,0.97,9
IMG_5896.JPG,655.18,2.57,0.99,0.57,0.76,0.98,9
IMG_5906.JPG,604.27,2.37,0.99,0.59,0.77,0.98,9
IMG_5917.JPG,715.93,2.81,0.99,0.56,0.75,0.97,9
IMG_5927.JPG,669.95,2.63,0.99,0.57,0.75,0.98,9
IMG_5949.JPG,482.76,1.89,0.99,0.63,0.79,0.98,9
IMG_5959.JPG,555.01,2.18,0.99,0.63,0.79,0.98,9
IMG_5969.JPG,635.47,2.49,0.99,0.6,0.78,0.97,9
IMG_5980.JPG,625.62,2.45,0.99,0.62,0.79,0.97,9
IMG_5990.JPG,666.67,2.61,0.99,0.56,0.75,0.98,9
